embedder,arm_a,arm_b,median,p95,max
siglip,fp32_l40s,fp32_v100,7.573941473992818e-13,1.8284262992551703e-12,4.761957494991975e-10
siglip,fp32_l40s,fp16_l40s,1.3155031605149858e-06,3.333022032503407e-06,8.114076187248909e-05
siglip,fp32_l40s,fp16_v100,1.3363027482338197e-06,3.5616025573448337e-06,0.00026308083633697077
siglip,fp32_l40s,autocast_l40s,9.227933390754117e-07,2.4517077327868003e-06,0.00024182074885947813
siglip,fp32_l40s,bf16_l40s,7.321254219583295e-05,0.0001589952968446438,0.006082829889659136
siglip,fp32_l40s,fp32_notf32_l40s,0.0,2.220446049250313e-16,4.440892098500626e-16
siglip,fp32_l40s,fp32_det_l40s,0.0,2.220446049250313e-16,4.440892098500626e-16
siglip,fp32_l40s,fp32_det_v100,7.573941473992818e-13,1.8284262992551703e-12,4.761957494991975e-10
siglip,fp32_l40s,fp32_v100_rack7n03,7.570610804918942e-13,1.8284262992551703e-12,4.761817606890872e-10
siglip,fp32_l40s,published_pile,7.573941473992818e-13,1.8284262992551703e-12,4.761957494991975e-10
siglip,fp32_v100,fp16_l40s,1.3157317551026892e-06,3.3350509900387233e-06,8.11107232615571e-05
siglip,fp32_v100,fp16_v100,1.3370598310746828e-06,3.5617295297107873e-06,0.00026366144216716236
siglip,fp32_v100,autocast_l40s,9.22611284814856e-07,2.451484406695847e-06,0.0002423818640562292
siglip,fp32_v100,bf16_l40s,7.32108078796978e-05,0.00015898789982351485,0.006082715659945448
siglip,fp32_v100,fp32_notf32_l40s,7.573941473992818e-13,1.8284262992551703e-12,4.761957494991975e-10
siglip,fp32_v100,fp32_det_l40s,7.573941473992818e-13,1.8284262992551703e-12,4.761957494991975e-10
siglip,fp32_v100,fp32_det_v100,0.0,2.220446049250313e-16,5.551115123125783e-16
siglip,fp32_v100,fp32_v100_rack7n03,0.0,6.661338147750939e-16,1.3322676295501878e-15
siglip,fp32_v100,published_pile,0.0,2.220446049250313e-16,5.551115123125783e-16
siglip,fp16_l40s,fp16_v100,8.060344041105338e-07,1.838933826281419e-06,0.0002866175885931632
siglip,fp16_l40s,autocast_l40s,1.053716858212539e-06,2.404806306532947e-06,0.00026453520171099143
siglip,fp16_l40s,bf16_l40s,7.535374401901329e-05,0.00016311041694807568,0.005974368042347189
siglip,fp16_l40s,fp32_notf32_l40s,1.3155031605149858e-06,3.333022032503407e-06,8.114076187248909e-05
siglip,fp16_l40s,fp32_det_l40s,1.3155031605149858e-06,3.333022032503407e-06,8.114076187248909e-05
siglip,fp16_l40s,fp32_det_v100,1.3157317551026892e-06,3.3350509900387233e-06,8.11107232615571e-05
siglip,fp16_l40s,fp32_v100_rack7n03,1.3157317551026892e-06,3.3350509900387233e-06,8.111072449068502e-05
siglip,fp16_l40s,published_pile,1.3157317551026892e-06,3.3350509900387233e-06,8.11107232615571e-05
siglip,fp16_v100,autocast_l40s,1.0823562694994848e-06,2.4657747826228843e-06,8.333035574703551e-05
siglip,fp16_v100,bf16_l40s,7.544107090762253e-05,0.0001640808824694194,0.006029015207192012
siglip,fp16_v100,fp32_notf32_l40s,1.3363027482338197e-06,3.5616025573448337e-06,0.00026308083633697077
siglip,fp16_v100,fp32_det_l40s,1.3363027482338197e-06,3.5616025573448337e-06,0.00026308083633697077
siglip,fp16_v100,fp32_det_v100,1.3370598310746828e-06,3.5617295297107873e-06,0.00026366144216716236
siglip,fp16_v100,fp32_v100_rack7n03,1.3370598310746828e-06,3.5617295297107873e-06,0.00026366144246670054
siglip,fp16_v100,published_pile,1.3370598310746828e-06,3.5617295297107873e-06,0.00026366144216716236
siglip,autocast_l40s,bf16_l40s,7.473443315730854e-05,0.00016293275288135057,0.005999339544948024
siglip,autocast_l40s,fp32_notf32_l40s,9.227933390754117e-07,2.4517077327868003e-06,0.00024182074885947813
siglip,autocast_l40s,fp32_det_l40s,9.227933390754117e-07,2.4517077327868003e-06,0.00024182074885947813
siglip,autocast_l40s,fp32_det_v100,9.22611284814856e-07,2.451484406695847e-06,0.0002423818640562292
siglip,autocast_l40s,fp32_v100_rack7n03,9.22611284814856e-07,2.451484406695847e-06,0.00024238186384151206
siglip,autocast_l40s,published_pile,9.22611284814856e-07,2.451484406695847e-06,0.0002423818640562292
siglip,bf16_l40s,fp32_notf32_l40s,7.321254219583295e-05,0.0001589952968446438,0.006082829889659136
siglip,bf16_l40s,fp32_det_l40s,7.321254219583295e-05,0.0001589952968446438,0.006082829889659136
siglip,bf16_l40s,fp32_det_v100,7.32108078796978e-05,0.00015898789982351485,0.006082715659945448
siglip,bf16_l40s,fp32_v100_rack7n03,7.32108078796978e-05,0.00015898789982351485,0.006082715659945448
siglip,bf16_l40s,published_pile,7.32108078796978e-05,0.00015898789982351485,0.006082715659945448
siglip,fp32_notf32_l40s,fp32_det_l40s,0.0,2.220446049250313e-16,4.440892098500626e-16
siglip,fp32_notf32_l40s,fp32_det_v100,7.573941473992818e-13,1.8284262992551703e-12,4.761957494991975e-10
siglip,fp32_notf32_l40s,fp32_v100_rack7n03,7.570610804918942e-13,1.8284262992551703e-12,4.761817606890872e-10
siglip,fp32_notf32_l40s,published_pile,7.573941473992818e-13,1.8284262992551703e-12,4.761957494991975e-10
siglip,fp32_det_l40s,fp32_det_v100,7.573941473992818e-13,1.8284262992551703e-12,4.761957494991975e-10
siglip,fp32_det_l40s,fp32_v100_rack7n03,7.570610804918942e-13,1.8284262992551703e-12,4.761817606890872e-10
siglip,fp32_det_l40s,published_pile,7.573941473992818e-13,1.8284262992551703e-12,4.761957494991975e-10
siglip,fp32_det_v100,fp32_v100_rack7n03,0.0,6.661338147750939e-16,1.3322676295501878e-15
siglip,fp32_det_v100,published_pile,0.0,2.220446049250313e-16,5.551115123125783e-16
siglip,fp32_v100_rack7n03,published_pile,0.0,6.661338147750939e-16,1.3322676295501878e-15
siglip2_l,fp32_l40s,fp32_v100,0.00014848477208551092,0.0005476750350092983,0.011431871538100324
siglip2_l,fp32_l40s,fp16_l40s,2.8545385076794716e-06,1.2246328960507913e-05,0.00035139233630177014
siglip2_l,fp32_l40s,fp16_v100,0.0001502254577121498,0.0005488894288557359,0.012823985707820063
siglip2_l,fp32_l40s,autocast_l40s,2.023841203513399e-06,9.282723166337269e-06,0.00019402465874163166
siglip2_l,fp32_l40s,bf16_l40s,0.00012853196667061972,0.0003202940419656741,0.0032137988192162403
siglip2_l,fp32_l40s,fp32_notf32_l40s,0.0,2.220446049250313e-16,4.440892098500626e-16
siglip2_l,fp32_l40s,fp32_det_l40s,0.0,2.220446049250313e-16,4.440892098500626e-16
siglip2_l,fp32_l40s,fp32_det_v100,0.00014848477208551092,0.0005476750350092983,0.011431871538100324
siglip2_l,fp32_l40s,fp32_v100_rack7n03,2.726374681571997e-12,1.5550516430096193e-11,1.614752109801998e-09
siglip2_l,fp32_l40s,published_pile,2.726374681571997e-12,1.5550516430096193e-11,1.614752109801998e-09
siglip2_l,fp32_v100,fp16_l40s,0.00014961601407670333,0.0005584341495020959,0.009830837458962849
siglip2_l,fp32_v100,fp16_v100,2.836052018451163e-06,1.2049697966887145e-05,0.00039448976255185286
siglip2_l,fp32_v100,autocast_l40s,0.0001492135489248314,0.0005501352976310159,0.010150917216643962
siglip2_l,fp32_v100,bf16_l40s,0.0002614848939126446,0.0007724400819228532,0.02537550265566446
siglip2_l,fp32_v100,fp32_notf32_l40s,0.00014848477208551092,0.0005476750350092983,0.011431871538100324
siglip2_l,fp32_v100,fp32_det_l40s,0.00014848477208551092,0.0005476750350092983,0.011431871538100324
siglip2_l,fp32_v100,fp32_det_v100,0.0,2.220446049250313e-16,4.440892098500626e-16
siglip2_l,fp32_v100,fp32_v100_rack7n03,0.00014849926110127587,0.0005476805382856218,0.01143235760801653
siglip2_l,fp32_v100,published_pile,0.00014849926110127587,0.0005476805382856218,0.01143235760801653
siglip2_l,fp16_l40s,fp16_v100,0.0001495213361244474,0.0005500345723219887,0.011026666810163177
siglip2_l,fp16_l40s,autocast_l40s,1.6447873716352035e-06,6.3467656664206685e-06,8.804079762081418e-05
siglip2_l,fp16_l40s,bf16_l40s,0.00013276286374541701,0.00032954056177352225,0.004221440897543838
siglip2_l,fp16_l40s,fp32_notf32_l40s,2.8545385076794716e-06,1.2246328960507913e-05,0.00035139233630177014
siglip2_l,fp16_l40s,fp32_det_l40s,2.8545385076794716e-06,1.2246328960507913e-05,0.00035139233630177014
siglip2_l,fp16_l40s,fp32_det_v100,0.00014961601407670333,0.0005584341495020959,0.009830837458962849
siglip2_l,fp16_l40s,fp32_v100_rack7n03,2.855811452762147e-06,1.2248416540661101e-05,0.0003510635201956491
siglip2_l,fp16_l40s,published_pile,2.855811452762147e-06,1.2248416540661101e-05,0.0003510635201956491
siglip2_l,fp16_v100,autocast_l40s,0.00015035485425785033,0.0005492385783871788,0.011464984082808938
siglip2_l,fp16_v100,bf16_l40s,0.0002644463330467861,0.0007857863680169381,0.02737963067327298
siglip2_l,fp16_v100,fp32_notf32_l40s,0.0001502254577121498,0.0005488894288557359,0.012823985707820063
siglip2_l,fp16_v100,fp32_det_l40s,0.0001502254577121498,0.0005488894288557359,0.012823985707820063
siglip2_l,fp16_v100,fp32_det_v100,2.836052018451163e-06,1.2049697966887145e-05,0.00039448976255185286
siglip2_l,fp16_v100,fp32_v100_rack7n03,0.00015022651041585178,0.0005488796766084816,0.01282450048218553
siglip2_l,fp16_v100,published_pile,0.00015022651041585178,0.0005488796766084816,0.01282450048218553
siglip2_l,autocast_l40s,bf16_l40s,0.00013220941587044344,0.00032853329779038983,0.003951457089901078
siglip2_l,autocast_l40s,fp32_notf32_l40s,2.023841203513399e-06,9.282723166337269e-06,0.00019402465874163166
siglip2_l,autocast_l40s,fp32_det_l40s,2.023841203513399e-06,9.282723166337269e-06,0.00019402465874163166
siglip2_l,autocast_l40s,fp32_det_v100,0.0001492135489248314,0.0005501352976310159,0.010150917216643962
siglip2_l,autocast_l40s,fp32_v100_rack7n03,2.024298752067999e-06,9.291796117572026e-06,0.00019377465369541103
siglip2_l,autocast_l40s,published_pile,2.024298752067999e-06,9.291796117572026e-06,0.00019377465369541103
siglip2_l,bf16_l40s,fp32_notf32_l40s,0.00012853196667061972,0.0003202940419656741,0.0032137988192162403
siglip2_l,bf16_l40s,fp32_det_l40s,0.00012853196667061972,0.0003202940419656741,0.0032137988192162403
siglip2_l,bf16_l40s,fp32_det_v100,0.0002614848939126446,0.0007724400819228532,0.02537550265566446
siglip2_l,bf16_l40s,fp32_v100_rack7n03,0.00012853733553375157,0.00032029496172449875,0.003213547685338991
siglip2_l,bf16_l40s,published_pile,0.00012853733553375157,0.00032029496172449875,0.003213547685338991
siglip2_l,fp32_notf32_l40s,fp32_det_l40s,0.0,2.220446049250313e-16,4.440892098500626e-16
siglip2_l,fp32_notf32_l40s,fp32_det_v100,0.00014848477208551092,0.0005476750350092983,0.011431871538100324
siglip2_l,fp32_notf32_l40s,fp32_v100_rack7n03,2.726374681571997e-12,1.5550516430096193e-11,1.614752109801998e-09
siglip2_l,fp32_notf32_l40s,published_pile,2.726374681571997e-12,1.5550516430096193e-11,1.614752109801998e-09
siglip2_l,fp32_det_l40s,fp32_det_v100,0.00014848477208551092,0.0005476750350092983,0.011431871538100324
siglip2_l,fp32_det_l40s,fp32_v100_rack7n03,2.726374681571997e-12,1.5550516430096193e-11,1.614752109801998e-09
siglip2_l,fp32_det_l40s,published_pile,2.726374681571997e-12,1.5550516430096193e-11,1.614752109801998e-09
siglip2_l,fp32_det_v100,fp32_v100_rack7n03,0.00014849926110127587,0.0005476805382856218,0.01143235760801653
siglip2_l,fp32_det_v100,published_pile,0.00014849926110127587,0.0005476805382856218,0.01143235760801653
siglip2_l,fp32_v100_rack7n03,published_pile,0.0,2.220446049250313e-16,4.440892098500626e-16
