arm,dataset,t,mean,q25,q75,coverage,n_cells,baseline
svm,vg_scale,0,0.45209156944444445,0.354966,0.5749805,1.0,288,0.45209156944444445
svm,vg_scale,1,,,,0.0,288,0.45209156944444445
svm,vg_scale,2,0.80213365,0.7047308750000001,0.854224,0.1388888888888889,288,0.45209156944444445
svm,vg_scale,3,0.7510643257575758,0.622361875,0.855283875,0.22916666666666666,288,0.45209156944444445
svm,vg_scale,4,0.612933504,0.480909625,0.73849175,0.8680555555555556,288,0.45209156944444445
svm,vg_scale,5,0.6145585769230769,0.492013,0.740418,0.9027777777777778,288,0.45209156944444445
svm,vg_scale,6,0.5727433139097744,0.439842875,0.7237045000000001,0.9236111111111112,288,0.45209156944444445
svm,vg_scale,7,0.5323563092592594,0.38739575000000004,0.675691375,0.9375,288,0.45209156944444445
svm,vg_scale,8,0.5137405962962964,0.3754495,0.6507100000000001,0.9375,288,0.45209156944444445
svm,vg_scale,9,0.49746488888888885,0.347057,0.6354796250000001,0.9375,288,0.45209156944444445
svm,vg_scale,10,0.48315839629629626,0.31529287500000003,0.63481925,0.9375,288,0.45209156944444445
svm,vg_scale,11,0.4744623161764705,0.3205785,0.61181575,0.9444444444444444,288,0.45209156944444445
svm,vg_scale,12,0.4606394613970588,0.2995105,0.5907567499999999,0.9444444444444444,288,0.45209156944444445
svm,vg_scale,13,0.45547283576642333,0.282730875,0.591166375,0.9513888888888888,288,0.45209156944444445
svm,vg_scale,14,0.452909402173913,0.28645375,0.590825375,0.9583333333333334,288,0.45209156944444445
svm,vg_scale,15,0.44742818297101455,0.28720049999999997,0.580686375,0.9583333333333334,288,0.45209156944444445
svm,vg_scale,16,0.4388768848920863,0.286343,0.563783625,0.9652777777777778,288,0.45209156944444445
svm,vg_scale,17,0.43109793928571427,0.26691525,0.554674625,0.9722222222222222,288,0.45209156944444445
svm,vg_scale,18,0.4188571410714286,0.25053875000000003,0.54608325,0.9722222222222222,288,0.45209156944444445
svm,vg_scale,19,0.4115802232142858,0.255622125,0.5311727500000001,0.9722222222222222,288,0.45209156944444445
svm,vg_scale,20,0.40685643214285716,0.249361125,0.521937,0.9722222222222222,288,0.45209156944444445
svm,vg_scale,21,0.4030333125,0.258111,0.5253355000000001,0.9722222222222222,288,0.45209156944444445
svm,vg_scale,22,0.4050668829787234,0.24455200000000002,0.52090775,0.9791666666666666,288,0.45209156944444445
svm,vg_scale,23,0.40325512588652485,0.244966,0.5164942499999999,0.9791666666666666,288,0.45209156944444445
svm,vg_scale,24,0.39565262323943656,0.23130075,0.5189116250000001,0.9861111111111112,288,0.45209156944444445
svm,vg_scale,25,0.39021388732394363,0.225450875,0.52915275,0.9861111111111112,288,0.45209156944444445
svm,vg_scale,26,0.3824009190140845,0.225018875,0.5170463750000001,0.9861111111111112,288,0.45209156944444445
svm,vg_scale,27,0.3808646549295775,0.21094912500000002,0.52091325,0.9861111111111112,288,0.45209156944444445
svm,vg_scale,28,0.3754454102112676,0.207775,0.49717649999999997,0.9861111111111112,288,0.45209156944444445
svm,vg_scale,29,0.3695289735915493,0.21827812500000002,0.50098075,0.9861111111111112,288,0.45209156944444445
svm,vg_scale,30,0.3654185933098592,0.212423625,0.5072805,0.9861111111111112,288,0.45209156944444445
svm,vg_scale,31,0.3613758785211268,0.214461,0.50111725,0.9861111111111112,288,0.45209156944444445
svm,vg_scale,32,0.3625315699300699,0.21731625000000002,0.50252875,0.9930555555555556,288,0.45209156944444445
svm,vg_scale,33,0.35968774650349655,0.20510075,0.4992955,0.9930555555555556,288,0.45209156944444445
svm,vg_scale,34,0.3567773181818182,0.204693875,0.49231225,0.9930555555555556,288,0.45209156944444445
svm,vg_scale,35,0.35545249475524476,0.19692375,0.500874875,0.9930555555555556,288,0.45209156944444445
svm,vg_scale,36,0.35202415209790205,0.19589075,0.491961125,0.9930555555555556,288,0.45209156944444445
svm,vg_scale,37,0.3486852045454545,0.1927015,0.4905965,0.9930555555555556,288,0.45209156944444445
svm,vg_scale,38,0.3513616545138889,0.196226,0.488236875,1.0,288,0.45209156944444445
svm,vg_scale,39,0.35191324305555555,0.19162450000000003,0.49387000000000003,1.0,288,0.45209156944444445
svm,vg_scale,40,0.3514540329861111,0.199146,0.498441,1.0,288,0.45209156944444445
svm,vg_scale,41,0.35155778993055553,0.191753375,0.49225850000000004,1.0,288,0.45209156944444445
svm,vg_scale,42,0.34905144965277773,0.19749825000000001,0.49096637499999995,1.0,288,0.45209156944444445
svm,vg_scale,43,0.34779799652777776,0.1891265,0.4816145,1.0,288,0.45209156944444445
svm,vg_scale,44,0.3442606354166667,0.188379625,0.48604749999999997,1.0,288,0.45209156944444445
svm,vg_scale,45,0.33744873784722224,0.18470525,0.47949312499999996,1.0,288,0.45209156944444445
svm,vg_scale,46,0.33561077604166667,0.181443375,0.47652374999999997,1.0,288,0.45209156944444445
svm,vg_scale,47,0.3367974149305556,0.1837395,0.47350575,1.0,288,0.45209156944444445
svm,vg_scale,48,0.3378534913194444,0.18430850000000001,0.48106575,1.0,288,0.45209156944444445
svm,vg_scale,49,0.3364820763888889,0.190459,0.46950075,1.0,288,0.45209156944444445
svm,vg_scale,50,0.3350119565972222,0.189238,0.465764375,1.0,288,0.45209156944444445
svm,vg_scale,51,0.330195125,0.18119849999999998,0.467503,1.0,288,0.45209156944444445
svm,vg_scale,52,0.32837027430555554,0.1738065,0.47202475,1.0,288,0.45209156944444445
svm,vg_scale,53,0.329752625,0.182061,0.4637845,1.0,288,0.45209156944444445
svm,vg_scale,54,0.3281610121527778,0.1762105,0.4636695,1.0,288,0.45209156944444445
svm,vg_scale,55,0.3274235729166667,0.170358,0.46496687499999995,1.0,288,0.45209156944444445
svm,vg_scale,56,0.3266268333333333,0.16837850000000001,0.47308425,1.0,288,0.45209156944444445
svm,vg_scale,57,0.32786676388888886,0.177628375,0.46909437499999995,1.0,288,0.45209156944444445
svm,vg_scale,58,0.3267013871527778,0.177051125,0.455617,1.0,288,0.45209156944444445
svm,vg_scale,59,0.32265116493055557,0.175415125,0.4547775,1.0,288,0.45209156944444445
svm,vg_scale,60,0.322585390625,0.16712325,0.455644,1.0,288,0.45209156944444445
svm,vg_scale,61,0.3213282083333333,0.17140775,0.4588185,1.0,288,0.45209156944444445
svm,vg_scale,62,0.32151485416666664,0.1728345,0.463681,1.0,288,0.45209156944444445
svm,vg_scale,63,0.32187096701388884,0.175396625,0.46617925,1.0,288,0.45209156944444445
svm,vg_scale,64,0.32037025,0.168915625,0.46513150000000003,1.0,288,0.45209156944444445
svm,vg_scale,65,0.31864422048611113,0.164897625,0.45946025,1.0,288,0.45209156944444445
svm,vg_scale,66,0.31668616493055557,0.162694875,0.454215,1.0,288,0.45209156944444445
svm,vg_scale,67,0.3170737690972223,0.17070075,0.4588755,1.0,288,0.45209156944444445
svm,vg_scale,68,0.3167958663194444,0.16533175,0.45710225,1.0,288,0.45209156944444445
svm,vg_scale,69,0.31544437847222223,0.166104375,0.455683375,1.0,288,0.45209156944444445
svm,vg_scale,70,0.31230918402777774,0.157525375,0.45061937500000004,1.0,288,0.45209156944444445
svm,vg_scale,71,0.311501015625,0.163079125,0.46129787499999997,1.0,288,0.45209156944444445
svm,vg_scale,72,0.30970364409722223,0.15938575,0.45606574999999994,1.0,288,0.45209156944444445
svm,vg_scale,73,0.3071261944444445,0.15513074999999998,0.451996625,1.0,288,0.45209156944444445
svm,vg_scale,74,0.3069402204861111,0.151939875,0.454275125,1.0,288,0.45209156944444445
svm,vg_scale,75,0.30560193055555557,0.153106,0.445727,1.0,288,0.45209156944444445
svm,vg_scale,76,0.30563139756944446,0.160013125,0.44662325,1.0,288,0.45209156944444445
svm,vg_scale,77,0.3033177482638889,0.155642,0.44291,1.0,288,0.45209156944444445
svm,vg_scale,78,0.3042078142361111,0.15679675,0.440825375,1.0,288,0.45209156944444445
svm,vg_scale,79,0.303665859375,0.1565845,0.43947275,1.0,288,0.45209156944444445
svm,vg_scale,80,0.3029745416666667,0.15384475,0.44360075,1.0,288,0.45209156944444445
svm,vg_scale,81,0.3022761597222222,0.156764125,0.44002125000000003,1.0,288,0.45209156944444445
svm,vg_scale,82,0.30154008159722223,0.15610275,0.44036400000000003,1.0,288,0.45209156944444445
svm,vg_scale,83,0.30023867881944444,0.15576299999999998,0.44158749999999997,1.0,288,0.45209156944444445
svm,vg_scale,84,0.3011766545138889,0.16131,0.438518625,1.0,288,0.45209156944444445
svm,vg_scale,85,0.2999518802083333,0.155538,0.43944,1.0,288,0.45209156944444445
svm,vg_scale,86,0.29919977777777773,0.162601,0.442033875,1.0,288,0.45209156944444445
svm,vg_scale,87,0.298957875,0.153955375,0.437740125,1.0,288,0.45209156944444445
svm,vg_scale,88,0.29660353819444446,0.1512035,0.4338415,1.0,288,0.45209156944444445
svm,vg_scale,89,0.2969575104166667,0.157013,0.43830100000000005,1.0,288,0.45209156944444445
svm,vg_scale,90,0.295898484375,0.1550645,0.43387637500000004,1.0,288,0.45209156944444445
svm,vg_scale,91,0.29569194097222223,0.15490425000000002,0.44269875,1.0,288,0.45209156944444445
svm,vg_scale,92,0.2927793645833333,0.155629,0.4345815,1.0,288,0.45209156944444445
svm,vg_scale,93,0.2942891388888889,0.151306875,0.43069674999999996,1.0,288,0.45209156944444445
svm,vg_scale,94,0.29664428993055547,0.15792974999999998,0.440238125,1.0,288,0.45209156944444445
svm,vg_scale,95,0.29618765798611113,0.15083912500000002,0.43325575,1.0,288,0.45209156944444445
svm,vg_scale,96,0.29327065104166666,0.152376875,0.42583950000000004,1.0,288,0.45209156944444445
svm,vg_scale,97,0.29391373263888887,0.147485625,0.42433725,1.0,288,0.45209156944444445
svm,vg_scale,98,0.29209873263888886,0.15391325,0.42579675,1.0,288,0.45209156944444445
svm,vg_scale,99,0.29267310416666664,0.15260250000000003,0.426529625,1.0,288,0.45209156944444445
svm,vg_scale,100,0.2910774756944444,0.149863,0.429157625,1.0,288,0.45209156944444445
svm,vg_scale,101,0.29057692881944447,0.14198575,0.428971125,1.0,288,0.45209156944444445
svm,vg_scale,102,0.2902653506944444,0.14222137499999998,0.42774375,1.0,288,0.45209156944444445
svm,vg_scale,103,0.29056332638888893,0.1446445,0.428834,1.0,288,0.45209156944444445
svm,vg_scale,104,0.28998634375,0.1499415,0.42512275,1.0,288,0.45209156944444445
svm,vg_scale,105,0.2885565763888889,0.141054625,0.430935,1.0,288,0.45209156944444445
svm,vg_scale,106,0.2886152951388889,0.147738375,0.42267675,1.0,288,0.45209156944444445
svm,vg_scale,107,0.288981078125,0.144316125,0.425867,1.0,288,0.45209156944444445
svm,vg_scale,108,0.2866936440972222,0.143917125,0.4231855,1.0,288,0.45209156944444445
svm,vg_scale,109,0.28787198263888886,0.143141125,0.42812799999999995,1.0,288,0.45209156944444445
svm,vg_scale,110,0.2878050173611111,0.14437925000000001,0.42933425,1.0,288,0.45209156944444445
svm,vg_scale,111,0.28701456076388887,0.145729,0.426689,1.0,288,0.45209156944444445
svm,vg_scale,112,0.2853259444444445,0.13466875,0.4259775,1.0,288,0.45209156944444445
svm,vg_scale,113,0.2861338888888889,0.14033975,0.420991,1.0,288,0.45209156944444445
svm,vg_scale,114,0.28594613541666664,0.142024375,0.42104275,1.0,288,0.45209156944444445
svm,vg_scale,115,0.28399653645833334,0.1373025,0.42275,1.0,288,0.45209156944444445
svm,vg_scale,116,0.28355945659722226,0.13346175,0.4214685,1.0,288,0.45209156944444445
svm,vg_scale,117,0.28281539409722223,0.13745849999999998,0.42537175,1.0,288,0.45209156944444445
svm,vg_scale,118,0.28118736284722223,0.133261375,0.4236175,1.0,288,0.45209156944444445
svm,vg_scale,119,0.2811248003472222,0.138597,0.42161975,1.0,288,0.45209156944444445
svm,vg_scale,120,0.28150522743055556,0.1381095,0.42029525,1.0,288,0.45209156944444445
svm,vg_scale,121,0.2807066701388889,0.137051125,0.4211385,1.0,288,0.45209156944444445
svm,vg_scale,122,0.2778751024305556,0.138318625,0.41503225,1.0,288,0.45209156944444445
svm,vg_scale,123,0.27773904513888886,0.139695,0.4182215,1.0,288,0.45209156944444445
svm,vg_scale,124,0.27555567187499996,0.13524525,0.407157625,1.0,288,0.45209156944444445
svm,vg_scale,125,0.2763177586805555,0.135541,0.41045175,1.0,288,0.45209156944444445
svm,vg_scale,126,0.27534861979166664,0.12900825,0.4112995,1.0,288,0.45209156944444445
svm,vg_scale,127,0.2755947465277778,0.136637375,0.41181625,1.0,288,0.45209156944444445
svm,vg_scale,128,0.2750955677083333,0.13380275,0.408228875,1.0,288,0.45209156944444445
svm,vg_scale,129,0.2738150833333333,0.13002175,0.409192,1.0,288,0.45209156944444445
svm,vg_scale,130,0.27535892361111114,0.1265145,0.40931,1.0,288,0.45209156944444445
svm,vg_scale,131,0.27372851736111115,0.128696,0.4068515,1.0,288,0.45209156944444445
svm,vg_scale,132,0.27325740625,0.13168625,0.40930125,1.0,288,0.45209156944444445
svm,vg_scale,133,0.27287771875,0.12707174999999998,0.405182875,1.0,288,0.45209156944444445
svm,vg_scale,134,0.27322871180555564,0.127659375,0.40624625000000003,1.0,288,0.45209156944444445
svm,vg_scale,135,0.27302217013888885,0.129267375,0.4071385,1.0,288,0.45209156944444445
svm,vg_scale,136,0.27194268923611115,0.13074049999999998,0.40993650000000004,1.0,288,0.45209156944444445
svm,vg_scale,137,0.27213594270833336,0.1337955,0.40453,1.0,288,0.45209156944444445
svm,vg_scale,138,0.27131508854166664,0.129260875,0.408389,1.0,288,0.45209156944444445
svm,vg_scale,139,0.2710013177083333,0.135680625,0.40852525,1.0,288,0.45209156944444445
svm,vg_scale,140,0.2704108489583333,0.12577225,0.40983412499999994,1.0,288,0.45209156944444445
svm,vg_scale,141,0.27066547222222226,0.129069375,0.40595012500000005,1.0,288,0.45209156944444445
svm,vg_scale,142,0.2713664565972222,0.12968849999999998,0.40987049999999997,1.0,288,0.45209156944444445
svm,vg_scale,143,0.2705835868055556,0.128262125,0.40830275,1.0,288,0.45209156944444445
svm,vg_scale,144,0.26892376562500003,0.124081625,0.4025625,1.0,288,0.45209156944444445
svm,vg_scale,145,0.26831805729166663,0.12359175,0.396989625,1.0,288,0.45209156944444445
svm,vg_scale,146,0.2676903940972222,0.1214905,0.40132437499999996,1.0,288,0.45209156944444445
svm,vg_scale,147,0.26835593402777774,0.12494875,0.403295625,1.0,288,0.45209156944444445
svm,vg_scale,148,0.2680862100694445,0.12339787499999999,0.40537762499999996,1.0,288,0.45209156944444445
svm,vg_scale,149,0.2669029809027778,0.123509875,0.401619,1.0,288,0.45209156944444445
svm,vg_scale,150,0.2667233680555555,0.1244625,0.394416125,1.0,288,0.45209156944444445
linear,vg_scale,0,0.45209156944444445,0.354966,0.5749805,1.0,288,0.45209156944444445
linear,vg_scale,1,,,,0.0,288,0.45209156944444445
linear,vg_scale,2,0.828511,0.733304375,0.895764625,0.1388888888888889,288,0.45209156944444445
linear,vg_scale,3,0.7561599393939394,0.638065875,0.85858225,0.22916666666666666,288,0.45209156944444445
linear,vg_scale,4,0.614549396,0.46620525,0.744313,0.8680555555555556,288,0.45209156944444445
linear,vg_scale,5,0.6335061942307693,0.5115445,0.7546185,0.9027777777777778,288,0.45209156944444445
linear,vg_scale,6,0.5981679999999999,0.46413650000000006,0.74731575,0.9236111111111112,288,0.45209156944444445
linear,vg_scale,7,0.5476754296296297,0.40024800000000005,0.702069125,0.9375,288,0.45209156944444445
linear,vg_scale,8,0.5360452851851851,0.379182875,0.68933475,0.9375,288,0.45209156944444445
linear,vg_scale,9,0.5216089222222222,0.364009625,0.6709015,0.9375,288,0.45209156944444445
linear,vg_scale,10,0.5146131537037036,0.358120125,0.6659837500000001,0.9375,288,0.45209156944444445
linear,vg_scale,11,0.5031718915441177,0.318174875,0.6600885,0.9444444444444444,288,0.45209156944444445
linear,vg_scale,12,0.48383334558823526,0.300990875,0.633581125,0.9444444444444444,288,0.45209156944444445
linear,vg_scale,13,0.47778544890510943,0.29176274999999996,0.6336495,0.9513888888888888,288,0.45209156944444445
linear,vg_scale,14,0.4730361449275362,0.280347375,0.63604925,0.9583333333333334,288,0.45209156944444445
linear,vg_scale,15,0.4659611992753623,0.276102,0.6287503750000001,0.9583333333333334,288,0.45209156944444445
linear,vg_scale,16,0.464487392086331,0.275714,0.619913375,0.9652777777777778,288,0.45209156944444445
linear,vg_scale,17,0.4586274660714285,0.2718735,0.621159625,0.9722222222222222,288,0.45209156944444445
linear,vg_scale,18,0.45063591785714285,0.267412125,0.596716875,0.9722222222222222,288,0.45209156944444445
linear,vg_scale,19,0.44015528571428575,0.261281125,0.592273625,0.9722222222222222,288,0.45209156944444445
linear,vg_scale,20,0.43668146250000006,0.262635,0.5897812499999999,0.9722222222222222,288,0.45209156944444445
linear,vg_scale,21,0.434947525,0.26781125,0.569256,0.9722222222222222,288,0.45209156944444445
linear,vg_scale,22,0.4389825141843971,0.273630625,0.5842588750000001,0.9791666666666666,288,0.45209156944444445
linear,vg_scale,23,0.4360980975177305,0.2618415,0.588491875,0.9791666666666666,288,0.45209156944444445
linear,vg_scale,24,0.4247102887323944,0.25806524999999997,0.5877049999999999,0.9861111111111112,288,0.45209156944444445
linear,vg_scale,25,0.42520818661971826,0.24455225,0.5725797499999999,0.9861111111111112,288,0.45209156944444445
linear,vg_scale,26,0.41780697711267606,0.234162125,0.56710675,0.9861111111111112,288,0.45209156944444445
linear,vg_scale,27,0.41498924471830984,0.239413,0.567790875,0.9861111111111112,288,0.45209156944444445
linear,vg_scale,28,0.4075342165492958,0.23247175,0.558864375,0.9861111111111112,288,0.45209156944444445
linear,vg_scale,29,0.40397030633802816,0.22579175,0.56203075,0.9861111111111112,288,0.45209156944444445
linear,vg_scale,30,0.39672201760563375,0.219602,0.5657695,0.9861111111111112,288,0.45209156944444445
linear,vg_scale,31,0.3959169735915493,0.21281375,0.5591495,0.9861111111111112,288,0.45209156944444445
linear,vg_scale,32,0.3985315909090909,0.2264885,0.5578967499999999,0.9930555555555556,288,0.45209156944444445
linear,vg_scale,33,0.3964798111888112,0.212424625,0.5520737499999999,0.9930555555555556,288,0.45209156944444445
linear,vg_scale,34,0.3944880979020979,0.21990825,0.551015,0.9930555555555556,288,0.45209156944444445
linear,vg_scale,35,0.39271714510489514,0.21196975,0.54948425,0.9930555555555556,288,0.45209156944444445
linear,vg_scale,36,0.38878324999999997,0.2049495,0.546808,0.9930555555555556,288,0.45209156944444445
linear,vg_scale,37,0.38734915734265735,0.2072885,0.5554595,0.9930555555555556,288,0.45209156944444445
linear,vg_scale,38,0.3883996336805555,0.200257625,0.54669875,1.0,288,0.45209156944444445
linear,vg_scale,39,0.38696215104166665,0.22176962500000003,0.54512575,1.0,288,0.45209156944444445
linear,vg_scale,40,0.38579492881944444,0.21664062500000003,0.539805125,1.0,288,0.45209156944444445
linear,vg_scale,41,0.3807675642361111,0.205626375,0.53797725,1.0,288,0.45209156944444445
linear,vg_scale,42,0.3812730729166667,0.218696,0.54356025,1.0,288,0.45209156944444445
linear,vg_scale,43,0.3794621840277778,0.19154425,0.5390485,1.0,288,0.45209156944444445
linear,vg_scale,44,0.3747814114583334,0.191739375,0.532436,1.0,288,0.45209156944444445
linear,vg_scale,45,0.36715821875,0.18619575,0.52062275,1.0,288,0.45209156944444445
linear,vg_scale,46,0.3678364548611111,0.199358,0.52547775,1.0,288,0.45209156944444445
linear,vg_scale,47,0.3657477916666667,0.19065825,0.51442525,1.0,288,0.45209156944444445
linear,vg_scale,48,0.3662710885416667,0.201284625,0.506634875,1.0,288,0.45209156944444445
linear,vg_scale,49,0.3654898368055556,0.1995555,0.49344425000000003,1.0,288,0.45209156944444445
linear,vg_scale,50,0.36335203298611113,0.19355524999999998,0.49749125,1.0,288,0.45209156944444445
linear,vg_scale,51,0.3591467795138889,0.19021825,0.493915,1.0,288,0.45209156944444445
linear,vg_scale,52,0.3581964652777778,0.18758825,0.493305,1.0,288,0.45209156944444445
linear,vg_scale,53,0.3569548020833333,0.193959625,0.499537875,1.0,288,0.45209156944444445
linear,vg_scale,54,0.3557663385416666,0.182004,0.5038975,1.0,288,0.45209156944444445
linear,vg_scale,55,0.3524965746527778,0.19107887499999998,0.490277875,1.0,288,0.45209156944444445
linear,vg_scale,56,0.35367929340277776,0.19520837500000002,0.486557,1.0,288,0.45209156944444445
linear,vg_scale,57,0.35163939930555554,0.190121375,0.48517299999999997,1.0,288,0.45209156944444445
linear,vg_scale,58,0.3511137986111111,0.192904625,0.488827625,1.0,288,0.45209156944444445
linear,vg_scale,59,0.34967808854166665,0.19531825,0.48546225,1.0,288,0.45209156944444445
linear,vg_scale,60,0.34929684027777774,0.189048,0.48139262499999996,1.0,288,0.45209156944444445
linear,vg_scale,61,0.34613816319444446,0.18922675,0.4757705,1.0,288,0.45209156944444445
linear,vg_scale,62,0.34818531770833333,0.19119025,0.47866149999999996,1.0,288,0.45209156944444445
linear,vg_scale,63,0.3462731215277778,0.18687237499999998,0.48093437499999997,1.0,288,0.45209156944444445
linear,vg_scale,64,0.3451636545138889,0.183801125,0.48409775,1.0,288,0.45209156944444445
linear,vg_scale,65,0.3435337934027778,0.18971149999999998,0.474421,1.0,288,0.45209156944444445
linear,vg_scale,66,0.34260542534722227,0.18826237499999998,0.47147275,1.0,288,0.45209156944444445
linear,vg_scale,67,0.34176016319444447,0.19065825,0.46109700000000003,1.0,288,0.45209156944444445
linear,vg_scale,68,0.3375183628472222,0.181317375,0.46908225000000003,1.0,288,0.45209156944444445
linear,vg_scale,69,0.3360935277777778,0.17992975,0.461303125,1.0,288,0.45209156944444445
linear,vg_scale,70,0.334913234375,0.18149325,0.458673625,1.0,288,0.45209156944444445
linear,vg_scale,71,0.33340386979166664,0.177696125,0.460972125,1.0,288,0.45209156944444445
linear,vg_scale,72,0.33166136805555557,0.174463,0.46920399999999995,1.0,288,0.45209156944444445
linear,vg_scale,73,0.329263515625,0.172982625,0.461114375,1.0,288,0.45209156944444445
linear,vg_scale,74,0.3283558090277778,0.168135125,0.470175875,1.0,288,0.45209156944444445
linear,vg_scale,75,0.3273986649305555,0.174334125,0.46237975000000003,1.0,288,0.45209156944444445
linear,vg_scale,76,0.32540422916666667,0.166745125,0.45852675,1.0,288,0.45209156944444445
linear,vg_scale,77,0.3262713368055556,0.17095224999999997,0.46535887500000006,1.0,288,0.45209156944444445
linear,vg_scale,78,0.3256471371527778,0.17602687500000003,0.46323,1.0,288,0.45209156944444445
linear,vg_scale,79,0.3252761180555555,0.175546125,0.45476625,1.0,288,0.45209156944444445
linear,vg_scale,80,0.322888015625,0.17062475,0.45299275,1.0,288,0.45209156944444445
linear,vg_scale,81,0.3234454427083333,0.1752915,0.454050125,1.0,288,0.45209156944444445
linear,vg_scale,82,0.322449265625,0.1683515,0.457583,1.0,288,0.45209156944444445
linear,vg_scale,83,0.320467140625,0.170879,0.456293375,1.0,288,0.45209156944444445
linear,vg_scale,84,0.32105000868055555,0.17086400000000002,0.4535,1.0,288,0.45209156944444445
linear,vg_scale,85,0.3195385972222222,0.1627135,0.45758150000000003,1.0,288,0.45209156944444445
linear,vg_scale,86,0.31849080381944445,0.16712775,0.44356249999999997,1.0,288,0.45209156944444445
linear,vg_scale,87,0.31707264409722224,0.16945575000000002,0.44364125000000004,1.0,288,0.45209156944444445
linear,vg_scale,88,0.3177283454861111,0.172440375,0.44947675,1.0,288,0.45209156944444445
linear,vg_scale,89,0.31767663194444445,0.17010975,0.4446585,1.0,288,0.45209156944444445
linear,vg_scale,90,0.3139758298611111,0.1675595,0.439265375,1.0,288,0.45209156944444445
linear,vg_scale,91,0.31439535069444446,0.168128,0.448658,1.0,288,0.45209156944444445
linear,vg_scale,92,0.31371708159722217,0.17041275,0.45121762499999996,1.0,288,0.45209156944444445
linear,vg_scale,93,0.3131594826388889,0.170387,0.43916099999999997,1.0,288,0.45209156944444445
linear,vg_scale,94,0.31528598090277776,0.1679255,0.44604325,1.0,288,0.45209156944444445
linear,vg_scale,95,0.3148232986111111,0.165456375,0.435165375,1.0,288,0.45209156944444445
linear,vg_scale,96,0.3146638958333334,0.163542875,0.4423265,1.0,288,0.45209156944444445
linear,vg_scale,97,0.31610068576388894,0.16593375,0.44717325,1.0,288,0.45209156944444445
linear,vg_scale,98,0.3134528940972222,0.169483625,0.437450875,1.0,288,0.45209156944444445
linear,vg_scale,99,0.3149666770833333,0.16355599999999998,0.44176712500000004,1.0,288,0.45209156944444445
linear,vg_scale,100,0.3145941006944445,0.15949149999999998,0.43690225,1.0,288,0.45209156944444445
linear,vg_scale,101,0.31481800173611113,0.1610135,0.44072675,1.0,288,0.45209156944444445
linear,vg_scale,102,0.314022546875,0.15588400000000002,0.44187525,1.0,288,0.45209156944444445
linear,vg_scale,103,0.31398078819444447,0.16472024999999998,0.445021125,1.0,288,0.45209156944444445
linear,vg_scale,104,0.312280828125,0.165358625,0.4385905,1.0,288,0.45209156944444445
linear,vg_scale,105,0.3124415277777778,0.16307925,0.440680375,1.0,288,0.45209156944444445
linear,vg_scale,106,0.30989159374999997,0.165624,0.44380125000000004,1.0,288,0.45209156944444445
linear,vg_scale,107,0.30814264756944443,0.157965875,0.44306125,1.0,288,0.45209156944444445
linear,vg_scale,108,0.3060017829861111,0.163466625,0.443753,1.0,288,0.45209156944444445
linear,vg_scale,109,0.3048049670138889,0.15721225000000003,0.439954,1.0,288,0.45209156944444445
linear,vg_scale,110,0.30246903993055557,0.15029175,0.4335685,1.0,288,0.45209156944444445
linear,vg_scale,111,0.3036981788194445,0.16104725,0.43630275,1.0,288,0.45209156944444445
linear,vg_scale,112,0.3007581215277778,0.16349225,0.43254125,1.0,288,0.45209156944444445
linear,vg_scale,113,0.30324440798611113,0.159803,0.439800125,1.0,288,0.45209156944444445
linear,vg_scale,114,0.3010305104166667,0.161172375,0.443182,1.0,288,0.45209156944444445
linear,vg_scale,115,0.30053533333333327,0.15960449999999998,0.434214875,1.0,288,0.45209156944444445
linear,vg_scale,116,0.3007307222222222,0.15787849999999998,0.437230875,1.0,288,0.45209156944444445
linear,vg_scale,117,0.2985033072916667,0.1520975,0.4352425,1.0,288,0.45209156944444445
linear,vg_scale,118,0.29949128645833334,0.15306087499999999,0.43002775,1.0,288,0.45209156944444445
linear,vg_scale,119,0.2984073368055556,0.1581745,0.4363995,1.0,288,0.45209156944444445
linear,vg_scale,120,0.2975571024305556,0.164414,0.42498549999999996,1.0,288,0.45209156944444445
linear,vg_scale,121,0.29745853125,0.15465675,0.427296,1.0,288,0.45209156944444445
linear,vg_scale,122,0.29593710763888886,0.15370262499999998,0.430880875,1.0,288,0.45209156944444445
linear,vg_scale,123,0.29436040798611113,0.150268,0.433439375,1.0,288,0.45209156944444445
linear,vg_scale,124,0.2941975538194444,0.15232875,0.429091875,1.0,288,0.45209156944444445
linear,vg_scale,125,0.29312791666666665,0.148908,0.42816,1.0,288,0.45209156944444445
linear,vg_scale,126,0.2929478142361111,0.153082,0.423394375,1.0,288,0.45209156944444445
linear,vg_scale,127,0.29326938888888887,0.157372,0.4203805,1.0,288,0.45209156944444445
linear,vg_scale,128,0.29283531076388886,0.15751675,0.425343875,1.0,288,0.45209156944444445
linear,vg_scale,129,0.29268249131944446,0.16104875,0.431091375,1.0,288,0.45209156944444445
linear,vg_scale,130,0.29136758854166667,0.14973399999999998,0.426723125,1.0,288,0.45209156944444445
linear,vg_scale,131,0.2896865173611111,0.14772987499999998,0.42341799999999996,1.0,288,0.45209156944444445
linear,vg_scale,132,0.28967527083333333,0.151077,0.418445375,1.0,288,0.45209156944444445
linear,vg_scale,133,0.28982966493055556,0.1546635,0.41462875,1.0,288,0.45209156944444445
linear,vg_scale,134,0.2896293315972222,0.14505962499999997,0.41744875000000004,1.0,288,0.45209156944444445
linear,vg_scale,135,0.2893546232638889,0.15701625,0.41834125,1.0,288,0.45209156944444445
linear,vg_scale,136,0.2889713680555555,0.15273662500000001,0.411372625,1.0,288,0.45209156944444445
linear,vg_scale,137,0.2880536510416667,0.153713125,0.416978,1.0,288,0.45209156944444445
linear,vg_scale,138,0.2872342708333333,0.15445575,0.40415075,1.0,288,0.45209156944444445
linear,vg_scale,139,0.28753078819444444,0.149592625,0.4090335,1.0,288,0.45209156944444445
linear,vg_scale,140,0.28668828472222224,0.146736625,0.41088749999999996,1.0,288,0.45209156944444445
linear,vg_scale,141,0.28720124999999996,0.150438625,0.413470625,1.0,288,0.45209156944444445
linear,vg_scale,142,0.2879514322916667,0.14619537500000002,0.41807875,1.0,288,0.45209156944444445
linear,vg_scale,143,0.28773119965277777,0.14648275,0.412981,1.0,288,0.45209156944444445
linear,vg_scale,144,0.2857773715277778,0.15224549999999998,0.40853300000000004,1.0,288,0.45209156944444445
linear,vg_scale,145,0.2847151875,0.152203375,0.408273,1.0,288,0.45209156944444445
linear,vg_scale,146,0.2849550017361111,0.152820625,0.40791525,1.0,288,0.45209156944444445
linear,vg_scale,147,0.28460680208333333,0.143660125,0.402685625,1.0,288,0.45209156944444445
linear,vg_scale,148,0.28380978993055556,0.14184125,0.409862375,1.0,288,0.45209156944444445
linear,vg_scale,149,0.2865370972222222,0.15262775,0.41691737500000003,1.0,288,0.45209156944444445
linear,vg_scale,150,0.28282814930555555,0.147145875,0.40898500000000004,1.0,288,0.45209156944444445
