dataset,embedder,seed,ks_shipped,sd_shipped,ks_deepest,sd_deepest,path_len,frac_below_05,ks_build,sd_uniform,deepest_widens,path_len_resolvable
caltech101_m,clip,0,0.1093676572754269,0.2555530969847263,0.1308351800904649,0.2916716044395143,2.9345238095238093,0.0357142857142857,0.103788780810228,0.2886751345948129,True,False
caltech101_m,clip,1,0.1004850722494579,0.2420853332721916,0.0605894305340436,0.2991134692252211,2.970238095238096,0.0416666666666666,0.1027960537084892,0.2886751345948129,True,False
caltech101_m,clip,2,0.1090973842711675,0.2528090268077633,0.1475621428018366,0.3118894369743735,3.1011904761904763,0.0357142857142857,0.1039366609124995,0.2886751345948129,True,True
coco_val,clip,0,0.0984327406594247,0.2490560433735853,0.1081359596188376,0.3087271958118553,4.644444444444445,0.0424242424242424,0.0765545747907158,0.2886751345948129,True,True
coco_val,clip,1,0.117080478355138,0.2437769548540139,0.1480052022159296,0.3086428299625377,4.672727272727273,0.0515151515151515,0.0755738469009023,0.2886751345948129,True,True
coco_val,clip,2,0.1072305563724402,0.2441262810341563,0.1119886036448335,0.308939842609126,4.64040404040404,0.0373737373737373,0.0831588202958634,0.2886751345948129,True,True
vg_box_large,clip,0,0.118300331433614,0.2435023987347475,0.1503904255838626,0.315820532794695,5.431666666666667,0.05125,0.084870913028717,0.2886751345948129,True,True
vg_box_large,clip,1,0.1165357955296834,0.2435013929413748,0.1555311742043797,0.3130007653240015,5.48875,0.04875,0.0847117678324381,0.2886751345948129,True,True
vg_box_large,clip,2,0.0976677767435709,0.2490093500057663,0.1306006366503013,0.3204114529448469,5.46125,0.0445833333333333,0.0854208898544311,0.2886751345948129,True,True
vg_scale_any,clip,0,0.1049530095943256,0.2394610742109542,0.1128974446264135,0.3182423265900377,5.041962556488057,0.0284054228534538,0.0947388923814428,0.2886751345948129,True,True
vg_scale_any,clip,1,0.1014206576839887,0.2433622643240704,0.1427182280182899,0.3178755618302938,5.034861200774693,0.0348612007746933,0.0912795711733057,0.2886751345948129,True,True
vg_scale_any,clip,2,0.1040349207515483,0.2422345534934415,0.1274189131521262,0.3127977495012251,4.960619754680439,0.0290510006455777,0.091113281436565,0.2886751345948129,True,True
visual_genome_m,clip,0,0.1152538525049393,0.2412042133124104,0.1196821626332982,0.3108408889277379,4.33849821215733,0.0429082240762812,0.0873146993138637,0.2886751345948129,True,True
visual_genome_m,clip,1,0.1052938406316827,0.2477123207181379,0.1400363538070197,0.3076304392024144,4.418355184743742,0.0417163289630512,0.0820008873690717,0.2886751345948129,True,True
visual_genome_m,clip,2,0.1032493307706994,0.2434119609354093,0.1325251584970327,0.3162187776746373,4.382598331346841,0.0321811680572109,0.0843049404730595,0.2886751345948129,True,True
caltech101_m,clip_l,0,0.0711663620812552,0.2818878583341337,0.1836428407248105,0.3073300012662758,2.880952380952381,0.0952380952380952,0.087747172188403,0.2886751345948129,True,False
caltech101_m,clip_l,1,0.0973434391475859,0.2497903245136929,0.053790749084442,0.2942606925774091,2.773809523809524,0.0416666666666666,0.1240273116239861,0.2886751345948129,True,False
caltech101_m,clip_l,2,0.1157111184937613,0.2512956439911367,0.0890338309283399,0.2932223779694419,2.982142857142857,0.0416666666666666,0.1082508775725293,0.2886751345948129,True,False
coco_val,clip_l,0,0.076581164321514,0.2571324611217002,0.1149807492947993,0.3177320865967304,4.53030303030303,0.0535353535353535,0.0855776207396503,0.2886751345948129,True,True
coco_val,clip_l,1,0.097044970170416,0.250698770441155,0.1328024290480377,0.310296704526996,4.718181818181818,0.0555555555555555,0.0764760005991607,0.2886751345948129,True,True
coco_val,clip_l,2,0.101083387268914,0.2552145824172114,0.1585487425109247,0.3174857823909376,4.682828282828283,0.0727272727272727,0.0624736140226848,0.2886751345948129,True,True
vg_box_large,clip_l,0,0.0953120342890421,0.2533837773497382,0.1546713584230987,0.3211012066702581,5.516666666666667,0.05125,0.0735614736874897,0.2886751345948129,True,True
vg_box_large,clip_l,1,0.1099537595113118,0.2519944352973257,0.1630434477388946,0.3165610369608896,5.529166666666667,0.0645833333333333,0.0745428935686747,0.2886751345948129,True,True
vg_box_large,clip_l,2,0.093800648053487,0.2541297282325228,0.1507795018787894,0.3152236751772444,5.461666666666667,0.0558333333333333,0.0770056502024332,0.2886751345948129,True,True
vg_scale_any,clip_l,0,0.1119772351657751,0.2459735595497606,0.1324438966591471,0.3103044476971358,5.052937378954164,0.0542285345384118,0.0726266880599326,0.2886751345948129,True,True
vg_scale_any,clip_l,1,0.1082024162934625,0.2463202056071056,0.1171253253629588,0.3147580298748561,5.086507424144609,0.0426081342801807,0.072128935797286,0.2886751345948129,True,True
vg_scale_any,clip_l,2,0.107059616092869,0.2453656640850796,0.1204595800099364,0.3049394613210707,5.05229180116204,0.0309877340219496,0.0875366027122853,0.2886751345948129,True,True
visual_genome_m,clip_l,0,0.0960267081732403,0.2537580637748876,0.1367326142500841,0.3170132360473607,4.464839094159714,0.0560190703218116,0.0736778221744544,0.2886751345948129,True,True
visual_genome_m,clip_l,1,0.1073491495187006,0.2513291947083056,0.1189214741853769,0.3135340566069278,4.441001191895113,0.0429082240762812,0.0875515554302422,0.2886751345948129,True,True
visual_genome_m,clip_l,2,0.0995095943381589,0.2585350491239696,0.1400763035942825,0.3194974311704198,4.452920143027414,0.0500595947556615,0.0787642112464939,0.2886751345948129,True,True
caltech101_m,dinov3_patch,0,0.1025103103546869,0.2418967695848529,0.0700124845037615,0.3183137965647165,3.446428571428572,0.0238095238095238,0.1642317426738454,0.2886751345948129,True,True
caltech101_m,dinov3_patch,1,0.0922169004167828,0.255655952148457,0.1256887609462275,0.3175588838772931,3.255952380952381,0.0535714285714285,0.1746867520595664,0.2886751345948129,True,True
caltech101_m,dinov3_patch,2,0.1009950155303591,0.2438541743342308,0.0740077924455789,0.2962347491281805,3.4047619047619047,0.0059523809523809,0.1796539185652092,0.2886751345948129,True,True
coco_val,dinov3_patch,0,0.1521349687317405,0.2934550012402682,0.2317862799524902,0.3224021849836596,3.93030303030303,0.1979797979797979,0.1356270663319874,0.2886751345948129,True,True
coco_val,dinov3_patch,1,0.1390687605121521,0.2922775960559682,0.2321326510793342,0.3309887372110798,3.963636363636364,0.1808080808080808,0.1378575448381184,0.2886751345948129,True,True
coco_val,dinov3_patch,2,0.1422318594549039,0.2899239338441683,0.2605439330403648,0.3216033354474003,3.860606060606061,0.1888888888888888,0.1256857963578831,0.2886751345948129,True,True
vg_box_large,dinov3_patch,0,0.1533857666949431,0.2863260219323428,0.2658489917585068,0.3204339386551422,4.681666666666667,0.20125,0.1478832055628299,0.2886751345948129,True,True
vg_box_large,dinov3_patch,1,0.1611916543543338,0.2831648904965819,0.2743641080093084,0.3205055887438278,4.6525,0.205,0.1467903839300076,0.2886751345948129,True,True
vg_box_large,dinov3_patch,2,0.116220630009969,0.2801353997139451,0.2452916911908581,0.3230440158198965,5.04625,0.16125,0.1081034135073423,0.2886751345948129,True,True
vg_scale_any,dinov3_patch,0,0.1028143995573168,0.2766101778095865,0.2092081200093755,0.318934493979537,4.824402840542286,0.1207230471271788,0.0720109003492327,0.2886751345948129,True,True
vg_scale_any,dinov3_patch,1,0.0970831872417974,0.2768391988560312,0.2072564279871158,0.3213213352661331,4.807617817947063,0.1252420916720464,0.0654593745475528,0.2886751345948129,True,True
vg_scale_any,dinov3_patch,2,0.1076045832070633,0.2777625671511617,0.2161104370421206,0.3208053964900624,4.9244673983214975,0.130406714009038,0.0688205026811401,0.2886751345948129,True,True
visual_genome_m,dinov3_patch,0,0.1033976328102993,0.2817017042921025,0.20874061365533,0.3194427974613142,3.99880810488677,0.1370679380214541,0.0713897417291119,0.2886751345948129,True,True
visual_genome_m,dinov3_patch,1,0.0808902708935652,0.2733804550162239,0.1562338366128465,0.3190908894932667,4.046483909415971,0.102502979737783,0.0828350958862543,0.2886751345948129,True,True
visual_genome_m,dinov3_patch,2,0.1017505175326379,0.2883708335767904,0.1789188333006864,0.310856382296137,3.839094159713945,0.1430274135876043,0.0832270696252744,0.2886751345948129,True,True
caltech101_m,siglip,0,0.1085341175397237,0.2539914782848387,0.1487121807439747,0.2844144881937426,2.9226190476190474,0.0476190476190476,0.1137671737528558,0.2886751345948129,True,False
caltech101_m,siglip,1,0.1252514805112566,0.2528425426822142,0.1025035121765281,0.298419065205658,2.9047619047619047,0.0714285714285714,0.1239297719144109,0.2886751345948129,True,False
caltech101_m,siglip,2,0.0805583340781075,0.2492054720348129,0.0671699941813278,0.2945702408034583,3.0416666666666665,0.0238095238095238,0.1133273212767358,0.2886751345948129,True,True
coco_val,siglip,0,0.0926964274560562,0.252486455558058,0.1289130421261248,0.3178546250168074,4.66060606060606,0.0414141414141414,0.0737312384502626,0.2886751345948129,True,True
coco_val,siglip,1,0.08721882574486,0.2531955170393287,0.1202210285108742,0.314666494950739,4.594949494949495,0.0454545454545454,0.0884865490039871,0.2886751345948129,True,True
coco_val,siglip,2,0.106154226173054,0.2440463054453537,0.1459626098698945,0.307010583532014,4.631313131313132,0.0464646464646464,0.0727488293544262,0.2886751345948129,True,True
vg_box_large,siglip,0,0.1040670696894328,0.2465525064393391,0.1473881485720541,0.3167185647930969,5.536666666666667,0.0433333333333333,0.0794884363810221,0.2886751345948129,True,True
vg_box_large,siglip,1,0.1132802327473958,0.2459949177443294,0.1364454629014196,0.3133632566310949,5.505,0.0470833333333333,0.0789285477002461,0.2886751345948129,True,True
vg_box_large,siglip,2,0.0990104262034098,0.2526894365025505,0.132355002494571,0.3087145717334341,5.485416666666667,0.0466666666666666,0.0800746583938598,0.2886751345948129,True,True
vg_scale_any,siglip,0,0.1136105215264721,0.2414728867863111,0.1135257020382242,0.3135530705902102,5.075532601678503,0.0355067785668173,0.0822524224973255,0.2886751345948129,True,True
vg_scale_any,siglip,1,0.1032298491261249,0.2428461013922369,0.1110338311027196,0.3099871153258152,5.0671400903808905,0.0361523563589412,0.0907430064105033,0.2886751345948129,True,True
vg_scale_any,siglip,2,0.1110713113270088,0.2485276994673342,0.1511562952576848,0.3150478316482184,5.043899289864429,0.0406714009038089,0.0863816939695837,0.2886751345948129,True,True
visual_genome_m,siglip,0,0.1075732114772546,0.2493568244635452,0.1413943714187555,0.3104730742334444,4.392133492252682,0.035756853396901,0.0893956083020214,0.2886751345948129,True,True
visual_genome_m,siglip,1,0.102767213521896,0.2457988087130686,0.1152604638687306,0.2991251732436041,4.457687723480333,0.0309892729439809,0.0913294475918805,0.2886751345948129,True,True
visual_genome_m,siglip,2,0.0934001617977247,0.2437552389355454,0.1185203973804135,0.3104769825617727,4.389749702026221,0.034564958283671,0.0926828170611734,0.2886751345948129,True,True
caltech101_m,siglip2_l,0,0.1430211010433378,0.2399002603139217,0.1472409908777633,0.2813480556725694,2.898809523809524,0.0238095238095238,0.1138416399706655,0.2886751345948129,True,False
caltech101_m,siglip2_l,1,0.0886245171229044,0.2651606814925928,0.0807312493033066,0.323060399168246,2.857142857142857,0.0595238095238095,0.1334181161069158,0.2886751345948129,True,False
caltech101_m,siglip2_l,2,0.1183969520387195,0.2452380998381303,0.0595238095238095,0.2938822350205463,3.071428571428572,0.0178571428571428,0.1032093611226153,0.2886751345948129,True,True
coco_val,siglip2_l,0,0.079225068260925,0.2460466749687269,0.0835089872287023,0.3113790853061975,4.71010101010101,0.0323232323232323,0.1033553620711051,0.2886751345948129,True,True
coco_val,siglip2_l,1,0.0918135852524728,0.2476822182611162,0.1169246530444852,0.3060175613802484,4.679797979797979,0.0404040404040404,0.0900617713942665,0.2886751345948129,True,True
coco_val,siglip2_l,2,0.0985407151357091,0.2422743427591704,0.1039106147854914,0.3099236712462974,4.63939393939394,0.0393939393939393,0.088571597565791,0.2886751345948129,True,True
vg_box_large,siglip2_l,0,0.097308379014333,0.2499264262648175,0.1303201179881329,0.3157963805874478,5.533333333333333,0.0416666666666666,0.0763518325487773,0.2886751345948129,True,True
vg_box_large,siglip2_l,1,0.121385612487793,0.2410349629983584,0.1201635325824999,0.3115252543157768,5.501666666666667,0.0420833333333333,0.0783138966560363,0.2886751345948129,True,True
vg_box_large,siglip2_l,2,0.0974549047152201,0.2508316000327742,0.1390680341757924,0.316522247684316,5.501666666666667,0.0466666666666666,0.0763353276252746,0.2886751345948129,True,True
vg_scale_any,siglip2_l,0,0.1071194614649896,0.2354170419142978,0.0946151592756407,0.3123027490066046,5.039380245319561,0.0238863783085861,0.1063598533740694,0.2886751345948129,True,True
vg_scale_any,siglip2_l,1,0.1195526372393613,0.2356109872932165,0.1148010982851341,0.3021877944217276,5.061975468043899,0.0309877340219496,0.1011716298766196,0.2886751345948129,True,True
vg_scale_any,siglip2_l,2,0.1008124522350155,0.2471618686082308,0.131403438955989,0.3125868681728942,5.039380245319561,0.0367979341510652,0.101145385080247,0.2886751345948129,True,True
visual_genome_m,siglip2_l,0,0.1012954119419738,0.2506914359307248,0.1397949632759952,0.3152737841169579,4.444576877234804,0.0417163289630512,0.0975366462606294,0.2886751345948129,True,True
visual_genome_m,siglip2_l,1,0.0921275320865826,0.2497721138394166,0.1310282223034357,0.3141124082913969,4.430274135876043,0.035756853396901,0.0941895761515458,0.2886751345948129,True,True
visual_genome_m,siglip2_l,2,0.0931756905634155,0.2514181481114409,0.0937428931264304,0.3075298114935618,4.404052443384982,0.0417163289630512,0.0910346584797758,0.2886751345948129,True,True
