geometry,mode,band,k,step_ratio,step_ratio_p90,cal_ratio,cal_share,cal_share_k2,cal_seconds,step_seconds,n_steps,affordable
dinov3_patch/max_patch,region,deep 101-150,1,0.731131197078196,0.7566072837424805,0.5322952084026789,0.42155529618722687,0.5791478219927058,2.979352,7.0715140000000005,2400,True
dinov3_patch/max_patch,region,deep 101-150,2,1.0,1.0,1.0,0.5791478219927058,0.5791478219927058,5.626226000000001,9.709053,2400,True
dinov3_patch/max_patch,region,deep 101-150,3,1.2682061445383792,1.2970361564660358,1.4666334231525113,0.6688049219730197,0.5791478219927058,8.248433,12.337896,2400,True
dinov3_patch/max_patch,region,deep 101-150,4,1.536463422456166,1.5892953362107258,1.9349270932329685,0.7269173875377697,0.5791478219927058,10.885115500000001,14.963127499999999,2400,False
dinov3_patch/max_patch,region,deep 101-150,6,2.0739098994516993,2.1717760221554263,2.871743706425173,0.7977011394968714,0.5791478219927058,16.1138585,20.1864015,2400,False
dinov3_patch/max_patch,region,deep 101-150,8,2.6115867212294455,2.757625272573855,3.8132149407204246,0.8391905564824746,0.5791478219927058,21.3375965,25.414963,2400,False
dinov3_patch/max_patch,region,early 1-25,1,0.6750645570305653,0.696655797763134,0.5065479853325212,0.4975430392262293,0.660670547264689,1.0395395,2.126189,1008,True
dinov3_patch/max_patch,region,early 1-25,2,1.0,1.0,1.0,0.660670547264689,0.660670547264689,2.019144,3.1006359999999997,1008,True
dinov3_patch/max_patch,region,early 1-25,3,1.3240177015612327,1.3470325240241008,1.4919870634361225,0.7438163278428636,0.660670547264689,3.000179,4.1069245,1008,True
dinov3_patch/max_patch,region,early 1-25,4,1.649655910146389,1.6959131548763033,1.9853974904799718,0.794723591634563,0.660670547264689,4.001699500000001,5.0927805,1008,False
dinov3_patch/max_patch,region,early 1-25,6,2.301576764010254,2.403752289097823,2.972685854028704,0.8526524326029272,0.660670547264689,6.015124500000001,7.0638185,1008,False
dinov3_patch/max_patch,region,early 1-25,8,2.9535288778628326,3.115556194582934,3.9572411749061063,0.885128787101656,0.660670547264689,8.015892999999998,9.082208999999999,1008,False
dinov3_patch/max_patch,region,late 61-100,1,0.7145135990250691,0.7424730853740644,0.5204611287218655,0.4345955414339927,0.596606094469722,2.404,5.553065999999999,1920,True
dinov3_patch/max_patch,region,late 61-100,2,1.0,1.0,1.0,0.596606094469722,0.596606094469722,4.602266500000001,7.758883000000001,1920,True
dinov3_patch/max_patch,region,late 61-100,3,1.2865304109104234,1.3115850982950257,1.4811648464500444,0.6863471156534193,0.596606094469722,6.787066,9.982664499999998,1920,True
dinov3_patch/max_patch,region,late 61-100,4,1.5728791343806852,1.6199862311843733,1.9614255126046531,0.7429993348099584,0.596606094469722,9.0299945,12.133935,1920,False
dinov3_patch/max_patch,region,late 61-100,6,2.1447095634920195,2.236225886160724,2.9229794822801423,0.8118726290323606,0.596606094469722,13.396549,16.6072195,1920,False
dinov3_patch/max_patch,region,late 61-100,8,2.716669159215566,2.8504298266650867,3.8863381222634157,0.8512105038526285,0.596606094469722,17.735137,20.966693499999998,1920,False
dinov3_patch/max_patch,region,mid 26-60,1,0.6958249488812894,0.7230371155457074,0.5132964774727699,0.4632021435344639,0.62635841895421,1.683248,3.7875680000000003,1680,True
dinov3_patch/max_patch,region,mid 26-60,2,1.0,1.0,1.0,0.62635841895421,0.62635841895421,3.25336,5.360318,1680,True
dinov3_patch/max_patch,region,mid 26-60,3,1.3038369374738787,1.3256575016268208,1.4851225914860968,0.7135124607768502,0.62635841895421,4.8161640000000006,6.9105925,1680,True
dinov3_patch/max_patch,region,mid 26-60,4,1.6067588087467426,1.647904043506444,1.9695321280505684,0.7674931273672605,0.62635841895421,6.3402345,8.475821,1680,False
dinov3_patch/max_patch,region,mid 26-60,6,2.212414308924517,2.2951863109293695,2.9406973073827487,0.8309376401944442,0.62635841895421,9.4594325,11.596996,1680,False
dinov3_patch/max_patch,region,mid 26-60,8,2.8169474177938802,2.941121147342856,3.911927682158149,0.8672932401698173,0.62635841895421,12.5534165,14.652533,1680,False
dinov3_patch/whole_image,binary,deep 101-150,1,0.5436843564558158,0.6434606599968772,0.5022822164833829,0.8174749980075802,0.9037736535453231,0.1125965,0.1384125,2400,True
dinov3_patch/whole_image,binary,deep 101-150,2,1.0,1.0,1.0,0.9037736535453231,0.9037736535453231,0.2388095,0.263734,2400,True
dinov3_patch/whole_image,binary,deep 101-150,3,1.4584175549022258,1.5948201124768753,1.5039041528864106,0.9348424514664806,0.9037736535453231,0.362883,0.38812450000000004,2400,True
dinov3_patch/whole_image,binary,deep 101-150,4,1.9164210005589113,2.146030716668717,2.013172090503363,0.9509584274206017,0.9037736535453231,0.484983,0.5100235,2400,False
dinov3_patch/whole_image,binary,deep 101-150,6,2.8269382465539366,3.2123321508714904,3.022977245749881,0.9668747734867252,0.9037736535453231,0.7345185000000001,0.7589049999999999,2400,False
dinov3_patch/whole_image,binary,deep 101-150,8,3.734959511477064,4.299053420615837,4.033040186588318,0.975087844509066,0.9037736535453231,0.981873,1.0075685,2400,False
dinov3_patch/whole_image,binary,early 1-25,1,0.5284292594825646,0.6401558788576125,0.5041790890527,0.9061004421063292,0.9496759131212373,0.1520275,0.1665815,1008,True
dinov3_patch/whole_image,binary,early 1-25,2,1.0,1.0,1.0,0.9496759131212373,0.9496759131212373,0.29221450000000004,0.30684599999999995,1008,True
dinov3_patch/whole_image,binary,early 1-25,3,1.4677216917034777,1.5729304892889604,1.4930905630541114,0.9652803526174293,0.9496759131212373,0.431935,0.4462545,1008,True
dinov3_patch/whole_image,binary,early 1-25,4,1.9353813178685257,2.1215398975623736,1.98516575219941,0.9736623233292767,0.9496759131212373,0.5665985,0.5812115,1008,False
dinov3_patch/whole_image,binary,early 1-25,6,2.8631998737270035,3.1965391151801614,2.96647198688495,0.9821607886151977,0.9496759131212373,0.8467825,0.8603215,1008,False
dinov3_patch/whole_image,binary,early 1-25,8,3.800535874373221,4.29316832657811,3.9509513272219405,0.9864588491829528,0.9496759131212373,1.1291105,1.143548,1008,False
dinov3_patch/whole_image,binary,late 61-100,1,0.5375829582454743,0.6407813909920865,0.5049799233965269,0.8555355324462355,0.9233085249063551,0.1181295,0.137749,1920,True
dinov3_patch/whole_image,binary,late 61-100,2,1.0,1.0,1.0,0.9233085249063551,0.9233085249063551,0.240035,0.260515,1920,True
dinov3_patch/whole_image,binary,late 61-100,3,1.4665051767702968,1.634145169764162,1.4996918958361742,0.9479650286669461,0.9233085249063551,0.36393600000000004,0.3847855,1920,True
dinov3_patch/whole_image,binary,late 61-100,4,1.938828832844964,2.2586059784463814,2.0095432364682404,0.9609908408745389,0.9233085249063551,0.48746449999999997,0.508427,1920,False
dinov3_patch/whole_image,binary,late 61-100,6,2.8811944588792393,3.497219346936355,3.034934221477834,0.9740633689426846,0.9233085249063551,0.7449794999999999,0.763936,1920,False
dinov3_patch/whole_image,binary,late 61-100,8,3.833854673424627,4.672327966973263,4.068081099729624,0.9804480408626766,0.9233085249063551,1.001757,1.0219520000000002,1920,False
dinov3_patch/whole_image,binary,mid 26-60,1,0.531050372615815,0.6242555109258531,0.5042206813311676,0.8901344047627306,0.9414140587935074,0.14298850000000002,0.1594265,1680,True
dinov3_patch/whole_image,binary,mid 26-60,2,1.0,1.0,1.0,0.9414140587935074,0.9414140587935074,0.266455,0.28284449999999994,1680,True
dinov3_patch/whole_image,binary,mid 26-60,3,1.4668704207191179,1.6201823716123478,1.4938807317320735,0.9593001234008358,0.9414140587935074,0.3958525,0.41190000000000004,1680,True
dinov3_patch/whole_image,binary,mid 26-60,4,1.9307078578957726,2.155856036606359,1.9852660307905186,0.9688132491237182,0.9414140587935074,0.5241205,0.540507,1680,False
dinov3_patch/whole_image,binary,mid 26-60,6,2.8659679816727133,3.318098306346936,2.9733903125759937,0.9790015774260354,0.9414140587935074,0.7765695,0.792835,1680,False
dinov3_patch/whole_image,binary,mid 26-60,8,3.7973587875026755,4.478066878907496,3.96397593147159,0.9842021951531299,0.9414140587935074,1.036354,1.052987,1680,False
siglip/whole_image,binary,deep 101-150,1,0.5546334330960747,0.6424654919990854,0.504308406337256,0.7955253545323002,0.8870278148439463,0.1265155,0.15998600000000002,2400,True
siglip/whole_image,binary,deep 101-150,2,1.0,1.0,1.0,0.8870278148439463,0.8870278148439463,0.2616845,0.295406,2400,True
siglip/whole_image,binary,deep 101-150,3,1.4434295366012224,1.5281238483092245,1.4944693677773442,0.9216930831100363,0.8870278148439463,0.391356,0.424858,2400,True
siglip/whole_image,binary,deep 101-150,4,1.8834261039181666,2.0212286806518964,1.9885119009317465,0.9398283221505924,0.8870278148439463,0.5239944999999999,0.5567405,2400,False
siglip/whole_image,binary,deep 101-150,6,2.763585529863195,3.003994419248425,2.974754326664737,0.959182973511999,0.8870278148439463,0.786349,0.8202545,2400,False
siglip/whole_image,binary,deep 101-150,8,3.6379942629798814,3.964070165701003,3.961806551373421,0.9688947286754082,0.8870278148439463,1.0438755,1.0767645,2400,False
siglip/whole_image,binary,early 1-25,1,0.5267677185647308,0.5722965514862437,0.5041031126173166,0.9149412479522486,0.9548419551967188,0.15037,0.1642815,1008,True
siglip/whole_image,binary,early 1-25,2,1.0,1.0,1.0,0.9548419551967188,0.9548419551967188,0.2983635,0.31255499999999997,1008,True
siglip/whole_image,binary,early 1-25,3,1.4716851458407907,1.526765341316721,1.4946209588391728,0.9691084769264331,0.9548419551967188,0.4454125,0.459922,1008,True
siglip/whole_image,binary,early 1-25,4,1.9446745779587793,2.0305888909432603,1.9904215915827634,0.9765509770593188,0.9548419551967188,0.5926445,0.6067045,1008,False
siglip/whole_image,binary,early 1-25,6,2.8862938208923836,3.0169874748826406,2.9783348978196873,0.984155760022106,0.9548419551967188,0.8860425000000001,0.9001515,1008,False
siglip/whole_image,binary,early 1-25,8,3.8288252979570805,4.055018654679816,3.9646054753788493,0.9880843133664714,0.9548419551967188,1.1801434999999998,1.19436,1008,False
siglip/whole_image,binary,late 61-100,1,0.5457629453069599,0.6348250449221153,0.5063680864843831,0.8399643076708008,0.9125931380633397,0.1285435,0.15345599999999998,1920,True
siglip/whole_image,binary,late 61-100,2,1.0,1.0,1.0,0.9125931380633397,0.9125931380633397,0.2519805,0.27640149999999997,1920,True
siglip/whole_image,binary,late 61-100,3,1.457211907682554,1.569953062512653,1.4942283281437851,0.9398601884325695,0.9125931380633397,0.3815325,0.405825,1920,True
siglip/whole_image,binary,late 61-100,4,1.9162066764334744,2.0898420644237206,1.992663714517079,0.9543327963661126,0.9125931380633397,0.510663,0.5356615,1920,False
siglip/whole_image,binary,late 61-100,6,2.8314747101188833,3.1567171862094825,2.983860172978954,0.9689257877975308,0.9125931380633397,0.7710334999999999,0.795292,1920,False
siglip/whole_image,binary,late 61-100,8,3.7462218143155814,4.2193756136397935,3.9756731194346893,0.9764709185875979,0.9125931380633397,1.0251855,1.0499105,1920,False
siglip/whole_image,binary,mid 26-60,1,0.531835172481038,0.5866603024177658,0.5036438813995499,0.8785351384355276,0.9360935197435678,0.1385345,0.1574615,1680,True
siglip/whole_image,binary,mid 26-60,2,1.0,1.0,1.0,0.9360935197435678,0.9360935197435678,0.2714435,0.290318,1680,True
siglip/whole_image,binary,mid 26-60,3,1.4675712175974236,1.5707593807773153,1.4956037058504639,0.9563961334619497,0.9360935197435678,0.406736,0.424511,1680,True
siglip/whole_image,binary,mid 26-60,4,1.9332949193242157,2.097528987883755,1.9906843867086383,0.9668647308989271,0.9360935197435678,0.53699,0.555429,1680,False
siglip/whole_image,binary,mid 26-60,6,2.8629192736796623,3.1744851865288113,2.9763541242464826,0.9776601056179566,0.9360935197435678,0.808476,0.8265385000000001,1680,False
siglip/whole_image,binary,mid 26-60,8,3.7851779073667684,4.22850167633056,3.9586262675707857,0.9831735065527044,0.9360935197435678,1.078794,1.0960345,1680,False
