arm,env,inclusion_k,n_cells,n_steps,d_regret,ci_lo,ci_hi,win_rate,d_regret_cost
fold_anchored_w0.3_q_tilt_qmean_s0.04,coco_val/dinov3_patch/max_patch,-10,74,14782,-0.005376715267752965,-0.008194373345319847,-0.002985267078028104,0.49079962116087134,-5.505756378173828
fold_anchored_w0.3_q_tilt_qmean_s0.08,coco_val/dinov3_patch/max_patch,-10,74,14782,-0.005376715267752965,-0.008247278974488074,-0.0030216446880011664,0.49079962116087134,-5.505756378173828
fold_anchored_w0.3_q_tilt_qmean_s0.02,coco_val/dinov3_patch/max_patch,-10,74,14782,-0.0023932942497078722,-0.005126725503867641,-0.00021534153775617715,0.4187525368691652,-2.450733184814453
fold_anchored_w0.3_cross_tilt_qmean,coco_val/dinov3_patch/max_patch,-10,74,14782,0.004445171661811057,0.0024872048312735806,0.0064280553477097735,0.2360303071302936,4.55185604095459
fold_anchored_w0.3_rate_qmean,coco_val/dinov3_patch/max_patch,-10,74,14782,0.010222797340223199,0.007975662404306924,0.012517788619074223,0.10411311053984576,10.468144416809082
fold_anchored_w0.3_q_tilt_qmean_s0.01,coco_val/dinov3_patch/max_patch,-10,74,14782,0.016912440212800483,0.010015893512288463,0.024703907252818354,0.1980110945744825,17.31833839416504
fold_anchored_w0.3_q_tilt_qmean_s0.005,coco_val/dinov3_patch/max_patch,-10,74,14782,0.04162563397850947,0.03088106091488068,0.052691260648942105,0.08023271546475443,42.62465286254883
fold_anchored_w0.3_mid_qmean,coco_val/dinov3_patch/max_patch,-10,74,14782,0.08367212569282856,0.07067541387076916,0.097825730564027,0.01522121499120552,85.68025207519531
fold_anchored_w0.3_q_tilt_qmean_s0.08,coco_val/dinov3_patch/max_patch,-6,74,14782,-0.00658651482847966,-0.011911557118283117,-0.0021697193378123624,0.38783655797591665,-0.42153695225715637
fold_anchored_w0.3_q_tilt_qmean_s0.04,coco_val/dinov3_patch/max_patch,-6,74,14782,-0.006218060514239935,-0.011051228213565648,-0.0018038888623827067,0.3849276146664863,-0.39795583486557007
fold_anchored_w0.3_cross_tilt_qmean,coco_val/dinov3_patch/max_patch,-6,74,14782,0.0010924235463322918,-0.0015362030154466156,0.00358041113410665,0.4272764172642403,0.06991511583328247
fold_anchored_w0.3_q_tilt_qmean_s0.02,coco_val/dinov3_patch/max_patch,-6,74,14782,0.006669747480545256,0.003255422942149036,0.010797750571200103,0.23948044919496686,0.4268638491630554
fold_anchored_w0.3_rate_qmean,coco_val/dinov3_patch/max_patch,-6,74,14782,0.011861027179956846,0.009194842807305946,0.014369393909483068,0.1557299418211338,0.7591058015823364
fold_anchored_w0.3_q_tilt_qmean_s0.01,coco_val/dinov3_patch/max_patch,-6,74,14782,0.02589951908682476,0.01871815114205717,0.033996898771380755,0.0846299553511027,1.657569408416748
fold_anchored_w0.3_q_tilt_qmean_s0.005,coco_val/dinov3_patch/max_patch,-6,74,14782,0.044622417778481506,0.03483243277925696,0.05437590089965629,0.1122310918684887,2.8558349609375
fold_anchored_w0.3_mid_qmean,coco_val/dinov3_patch/max_patch,-6,74,14782,0.06865338105005837,0.05753007735484738,0.08047816110682081,0.0700175889595454,4.3938164710998535
fold_anchored_w0.3_cross_tilt_qmean,coco_val/dinov3_patch/max_patch,-4,74,14782,-0.005195941870428018,-0.00819565191409925,-0.002340526674399029,0.5196184548775538,-0.08313506096601486
fold_anchored_w0.3_rate_qmean,coco_val/dinov3_patch/max_patch,-4,74,14782,0.008750735108667475,0.005279481993806553,0.012185725420189357,0.26626978757948855,0.1400117576122284
fold_anchored_w0.3_q_tilt_qmean_s0.08,coco_val/dinov3_patch/max_patch,-4,74,14782,0.019427576025623852,0.012332804933169895,0.025601540765146143,0.20227303477202002,0.31084123253822327
fold_anchored_w0.3_q_tilt_qmean_s0.04,coco_val/dinov3_patch/max_patch,-4,74,14782,0.020260307623224484,0.013520276268811996,0.02643692564530726,0.19381680422135028,0.3241649270057678
fold_anchored_w0.3_q_tilt_qmean_s0.02,coco_val/dinov3_patch/max_patch,-4,74,14782,0.02336340417379098,0.018783788294613996,0.028195099909941276,0.20545257745907183,0.3738144636154175
fold_anchored_w0.3_q_tilt_qmean_s0.01,coco_val/dinov3_patch/max_patch,-4,74,14782,0.031573997476673846,0.025223526803762757,0.03847467755174728,0.10668380462724936,0.50518399477005
fold_anchored_w0.3_q_tilt_qmean_s0.005,coco_val/dinov3_patch/max_patch,-4,74,14782,0.03971584550281231,0.03148318359988578,0.04803823281041774,0.15119740224597483,0.6354535222053528
fold_anchored_w0.3_mid_qmean,coco_val/dinov3_patch/max_patch,-4,74,14782,0.05048286233953125,0.04052541738453107,0.06121775605279253,0.17683669327560547,0.8077258467674255
fold_anchored_w0.3_cross_tilt_qmean,coco_val/dinov3_patch/max_patch,-3,74,14782,-0.009567323498698455,-0.013410196578076244,-0.00586046654656506,0.5666350967392775,-0.0765385851264
fold_anchored_w0.3_rate_qmean,coco_val/dinov3_patch/max_patch,-3,74,14782,0.006340795345651615,0.0016201143787691616,0.0108206371659656,0.2821675010147477,0.05072636157274246
fold_anchored_w0.3_q_tilt_qmean_s0.005,coco_val/dinov3_patch/max_patch,-3,74,14782,0.03402558392357408,0.026367624734337222,0.041824844841313595,0.14700311189284265,0.2722046971321106
fold_anchored_w0.3_q_tilt_qmean_s0.01,coco_val/dinov3_patch/max_patch,-3,74,14782,0.03423857989582757,0.02779184162755956,0.0416946157901539,0.1208902719523745,0.2739086151123047
fold_anchored_w0.3_mid_qmean,coco_val/dinov3_patch/max_patch,-3,74,14782,0.03726540777102314,0.027333058434384373,0.046542466489827836,0.1990934920849682,0.2981232702732086
fold_anchored_w0.3_q_tilt_qmean_s0.02,coco_val/dinov3_patch/max_patch,-3,74,14782,0.03742108620291047,0.029730909647490054,0.04542586395390743,0.18427817616019485,0.2993687093257904
fold_anchored_w0.3_q_tilt_qmean_s0.04,coco_val/dinov3_patch/max_patch,-3,74,14782,0.05518200526303436,0.04550171461093201,0.06438204637198469,0.20782032201325937,0.44145599007606506
fold_anchored_w0.3_q_tilt_qmean_s0.08,coco_val/dinov3_patch/max_patch,-3,74,14782,0.06352634169318638,0.05380795137914263,0.07283080878236482,0.09430388310106887,0.5082106590270996
fold_anchored_w0.3_cross_tilt_qmean,coco_val/dinov3_patch/max_patch,-2,74,14782,-0.012887280181088057,-0.019061400970747707,-0.007253245705313122,0.591868488702476,-0.051549121737480164
fold_anchored_w0.3_rate_qmean,coco_val/dinov3_patch/max_patch,-2,74,14782,0.004828516089882878,-0.0021144858884449727,0.010769109647466198,0.2584900554728724,0.01931406557559967
fold_anchored_w0.3_mid_qmean,coco_val/dinov3_patch/max_patch,-2,74,14782,0.022111381809982296,0.012216463265389933,0.03135761354005316,0.18204573129481802,0.0884455218911171
fold_anchored_w0.3_q_tilt_qmean_s0.005,coco_val/dinov3_patch/max_patch,-2,74,14782,0.026944862746293784,0.01935753077640264,0.03502559279242288,0.14456771749424976,0.10777945816516876
fold_anchored_w0.3_q_tilt_qmean_s0.01,coco_val/dinov3_patch/max_patch,-2,74,14782,0.03443052692696133,0.024589446883700895,0.0453461260939548,0.11426058720064944,0.13772211968898773
fold_anchored_w0.3_q_tilt_qmean_s0.02,coco_val/dinov3_patch/max_patch,-2,74,14782,0.05189772271999548,0.036277729529034776,0.06822388693219329,0.18211338113922337,0.20759090781211853
fold_anchored_w0.3_q_tilt_qmean_s0.04,coco_val/dinov3_patch/max_patch,-2,74,14782,0.09207596722675639,0.07214549624666296,0.11126034237669366,0.29035313218779596,0.3683038651943207
fold_anchored_w0.3_q_tilt_qmean_s0.08,coco_val/dinov3_patch/max_patch,-2,74,14782,0.14614203309866827,0.1249099041678238,0.16647289522728453,0.14619131375997835,0.5845680832862854
fold_anchored_w0.3_cross_tilt_qmean,coco_val/dinov3_patch/max_patch,-1,74,14782,-0.01179299493063858,-0.019703241455076872,-0.002868320942925986,0.6138546881342173,-0.023585990071296692
fold_anchored_w0.3_rate_qmean,coco_val/dinov3_patch/max_patch,-1,74,14782,0.0070402890347837895,-0.00044720179092208227,0.013776482833703542,0.20234068461642538,0.014080577529966831
fold_anchored_w0.3_mid_qmean,coco_val/dinov3_patch/max_patch,-1,74,14782,0.007844674578754584,-3.678568837868452e-05,0.015280367668939917,0.16594506832634284,0.01568935066461563
fold_anchored_w0.3_q_tilt_qmean_s0.005,coco_val/dinov3_patch/max_patch,-1,74,14782,0.016317509469691023,0.008204358562574812,0.024475597067622226,0.13638208632120147,0.03263502195477486
fold_anchored_w0.3_q_tilt_qmean_s0.01,coco_val/dinov3_patch/max_patch,-1,74,14782,0.027038697615058185,0.015490372256071831,0.04121468530973141,0.11114869435800298,0.0540773943066597
fold_anchored_w0.3_q_tilt_qmean_s0.02,coco_val/dinov3_patch/max_patch,-1,74,14782,0.050945365797434604,0.029851005577030278,0.07579225253575192,0.1982816939521039,0.10189072787761688
fold_anchored_w0.3_q_tilt_qmean_s0.04,coco_val/dinov3_patch/max_patch,-1,74,14782,0.10255794268704375,0.0655244626737791,0.14264379459322343,0.43485319983764037,0.20511586964130402
fold_anchored_w0.3_q_tilt_qmean_s0.08,coco_val/dinov3_patch/max_patch,-1,74,14782,0.20725463616435189,0.1659003384540336,0.24961231162069944,0.3066567446894872,0.41450926661491394
fold_anchored_w0.3_mid_qmean,coco_val/dinov3_patch/max_patch,0,74,14782,0.0,0.0,0.0,0.0,0.0
fold_anchored_w0.3_q_tilt_qmean_s0.005,coco_val/dinov3_patch/max_patch,0,74,14782,0.0,0.0,0.0,0.0,0.0
fold_anchored_w0.3_q_tilt_qmean_s0.01,coco_val/dinov3_patch/max_patch,0,74,14782,0.0,0.0,0.0,0.0,0.0
fold_anchored_w0.3_q_tilt_qmean_s0.02,coco_val/dinov3_patch/max_patch,0,74,14782,0.0,0.0,0.0,0.0,0.0
fold_anchored_w0.3_q_tilt_qmean_s0.04,coco_val/dinov3_patch/max_patch,0,74,14782,0.0,0.0,0.0,0.0,0.0
fold_anchored_w0.3_q_tilt_qmean_s0.08,coco_val/dinov3_patch/max_patch,0,74,14782,0.0,0.0,0.0,0.0,0.0
fold_anchored_w0.3_cross_tilt_qmean,coco_val/dinov3_patch/max_patch,0,74,14782,0.000408504458766549,-0.011082700606501428,0.017520950791732357,0.6101339466919226,0.0004085043037775904
fold_anchored_w0.3_rate_qmean,coco_val/dinov3_patch/max_patch,0,74,14782,0.015465978133048536,0.011772491665760753,0.01911795577832743,0.15843593559734812,0.015465979464352131
fold_anchored_w0.3_mid_qmean,coco_val/dinov3_patch/max_patch,1,74,14782,-0.006854115312799459,-0.010319657996119901,-0.003048404953576236,0.7576782573400082,-0.013708231970667839
fold_anchored_w0.3_q_tilt_qmean_s0.005,coco_val/dinov3_patch/max_patch,1,74,14782,-0.00669009790215421,-0.00949895794128679,-0.0038520746971944645,0.7568664592071438,-0.013380195945501328
fold_anchored_w0.3_q_tilt_qmean_s0.01,coco_val/dinov3_patch/max_patch,1,74,14782,-0.00596573191334657,-0.008385558660174375,-0.003321483135840862,0.7283858747124882,-0.011931464076042175
fold_anchored_w0.3_q_tilt_qmean_s0.02,coco_val/dinov3_patch/max_patch,1,74,14782,-0.004251394038186157,-0.006236198453847759,-0.002130893654179385,0.693952103910161,-0.008502787910401821
fold_anchored_w0.3_q_tilt_qmean_s0.04,coco_val/dinov3_patch/max_patch,1,74,14782,0.0005641990851349751,-0.0013797400996466151,0.002421048232094649,0.4465566229197673,0.0011283982312306762
fold_anchored_w0.3_cross_tilt_qmean,coco_val/dinov3_patch/max_patch,1,74,14782,0.00387957560702194,-0.007809962607159439,0.019814781381765453,0.6985522933297253,0.007759151514619589
fold_anchored_w0.3_rate_qmean,coco_val/dinov3_patch/max_patch,1,74,14782,0.0052813866878086875,0.002497396632379851,0.007698412616688271,0.18799891760248952,0.010562772862613201
fold_anchored_w0.3_q_tilt_qmean_s0.08,coco_val/dinov3_patch/max_patch,1,74,14782,0.01147976504777231,0.005813318917864456,0.016205033444330674,0.16283317548369639,0.022959530353546143
fold_anchored_w0.3_q_tilt_qmean_s0.02,coco_val/dinov3_patch/max_patch,2,74,14782,-0.005291615724500672,-0.011151305913085092,0.0005484985047636696,0.6874577188472466,-0.02116646245121956
fold_anchored_w0.3_q_tilt_qmean_s0.01,coco_val/dinov3_patch/max_patch,2,74,14782,-0.00523917971027864,-0.01132615466865261,0.0018349905576591473,0.7021377350832093,-0.020956721156835556
fold_anchored_w0.3_q_tilt_qmean_s0.005,coco_val/dinov3_patch/max_patch,2,74,14782,-0.004483058724380916,-0.011386260292100495,0.0034208951194896853,0.7002435394398593,-0.017932232469320297
fold_anchored_w0.3_q_tilt_qmean_s0.04,coco_val/dinov3_patch/max_patch,2,74,14782,-0.004180723160381014,-0.008011971617457134,-0.00039415822850207916,0.618522527398187,-0.016722893342375755
fold_anchored_w0.3_mid_qmean,coco_val/dinov3_patch/max_patch,2,74,14782,-0.0027793681591582434,-0.010138004496965967,0.00501475001195079,0.6858341225815181,-0.011117473244667053
fold_anchored_w0.3_rate_qmean,coco_val/dinov3_patch/max_patch,2,74,14782,0.0012999000212624418,-0.001669654065468372,0.003508033693548427,0.18495467460424841,0.00519960094243288
fold_anchored_w0.3_cross_tilt_qmean,coco_val/dinov3_patch/max_patch,2,74,14782,0.004011000206692434,-0.005916332298014872,0.015283378045446496,0.6906372615342985,0.016044002026319504
fold_anchored_w0.3_q_tilt_qmean_s0.08,coco_val/dinov3_patch/max_patch,2,74,14782,0.004583530810467326,-0.0010213691055592003,0.009871769051779986,0.305100798268164,0.018334122374653816
fold_anchored_w0.3_q_tilt_qmean_s0.04,coco_val/dinov3_patch/max_patch,3,74,14782,-0.007886124372374537,-0.012839252097839218,-0.0024307370575091204,0.7164118522527398,-0.06308899819850922
fold_anchored_w0.3_q_tilt_qmean_s0.02,coco_val/dinov3_patch/max_patch,3,74,14782,-0.005482214505153368,-0.01444169470869383,0.00450086774055946,0.7082262210796915,-0.043857723474502563
fold_anchored_w0.3_q_tilt_qmean_s0.08,coco_val/dinov3_patch/max_patch,3,74,14782,-0.0029165948350006097,-0.006170384581592599,0.0005357124821711222,0.5995129211202814,-0.023332757875323296
fold_anchored_w0.3_q_tilt_qmean_s0.01,coco_val/dinov3_patch/max_patch,3,74,14782,-0.002162809970212874,-0.013044898249810668,0.010114462503259196,0.6919226085780003,-0.017302483320236206
fold_anchored_w0.3_q_tilt_qmean_s0.005,coco_val/dinov3_patch/max_patch,3,74,14782,0.00018946567119250226,-0.010756371320226084,0.013748690169764745,0.6852252739818698,0.0015157207380980253
fold_anchored_w0.3_rate_qmean,coco_val/dinov3_patch/max_patch,3,74,14782,0.001547811595013922,0.0007372640893479272,0.0022203038730871454,0.13239074550128535,0.012382492423057556
fold_anchored_w0.3_cross_tilt_qmean,coco_val/dinov3_patch/max_patch,3,74,14782,0.0023381374593481196,-0.009084785060823943,0.015401306865154568,0.7147206061426059,0.01870509795844555
fold_anchored_w0.3_mid_qmean,coco_val/dinov3_patch/max_patch,3,74,14782,0.004156246202418933,-0.008901483622321394,0.018396878658008847,0.6576241374644838,0.03324996307492256
fold_anchored_w0.3_q_tilt_qmean_s0.04,coco_val/dinov3_patch/max_patch,4,74,14782,-0.005949959223479205,-0.010178470864109024,-0.0010170996232984502,0.7331213638208632,-0.0951993465423584
fold_anchored_w0.3_q_tilt_qmean_s0.08,coco_val/dinov3_patch/max_patch,4,74,14782,-0.0032374533765431733,-0.005623879964730657,-0.0006362123518286107,0.708496820457313,-0.05179925635457039
fold_anchored_w0.3_q_tilt_qmean_s0.02,coco_val/dinov3_patch/max_patch,4,74,14782,0.0003335970252649261,-0.00830185814227514,0.010165401227893209,0.6948315518874306,0.0053375535644590855
fold_anchored_w0.3_rate_qmean,coco_val/dinov3_patch/max_patch,4,74,14782,0.0009268880348581415,0.0005599698152456915,0.001207628734991394,0.11202814233527263,0.01483020931482315
fold_anchored_w0.3_cross_tilt_qmean,coco_val/dinov3_patch/max_patch,4,74,14782,0.0032399862424967608,-0.007321584220748313,0.016157922506160525,0.734406710864565,0.05183977261185646
fold_anchored_w0.3_q_tilt_qmean_s0.01,coco_val/dinov3_patch/max_patch,4,74,14782,0.006576211413532193,-0.005748749259352759,0.021531556208336383,0.6708158571235286,0.10521937906742096
fold_anchored_w0.3_q_tilt_qmean_s0.005,coco_val/dinov3_patch/max_patch,4,74,14782,0.010279671940323268,-0.0034805188563532775,0.02586607962588754,0.6500473548910838,0.164474755525589
fold_anchored_w0.3_mid_qmean,coco_val/dinov3_patch/max_patch,4,74,14782,0.016536379983802828,0.001987452549036715,0.033845332080248196,0.5957921796779867,0.2645820677280426
fold_anchored_w0.3_q_tilt_qmean_s0.08,coco_val/dinov3_patch/max_patch,6,74,14782,-0.0010499922621395829,-0.0026014139742344283,0.0006342147505681674,0.7741848193749155,-0.06719951331615448
fold_anchored_w0.3_rate_qmean,coco_val/dinov3_patch/max_patch,6,74,14782,7.370110028039169e-05,-0.0001489652583457526,0.000240575823884159,0.10140711676363144,0.004716870840638876
fold_anchored_w0.3_q_tilt_qmean_s0.04,coco_val/dinov3_patch/max_patch,6,74,14782,0.0020676189793645077,-0.0017436034217885085,0.006550832746703431,0.7084291706129076,0.132327601313591
fold_anchored_w0.3_cross_tilt_qmean,coco_val/dinov3_patch/max_patch,6,74,14782,0.006362012939486728,-0.0013707641292303623,0.017071508296932134,0.7693140305777296,0.4071688652038574
fold_anchored_w0.3_q_tilt_qmean_s0.02,coco_val/dinov3_patch/max_patch,6,74,14782,0.010441182696455586,0.002816857172473573,0.018647181173917074,0.6030983628737654,0.668235719203949
fold_anchored_w0.3_q_tilt_qmean_s0.01,coco_val/dinov3_patch/max_patch,6,74,14782,0.019376961689173383,0.008053660826575455,0.03357881001861273,0.5438370991746719,1.2401256561279297
fold_anchored_w0.3_q_tilt_qmean_s0.005,coco_val/dinov3_patch/max_patch,6,74,14782,0.025908914147539937,0.012574222736963282,0.042428988805107266,0.47936679745636585,1.658170461654663
fold_anchored_w0.3_mid_qmean,coco_val/dinov3_patch/max_patch,6,74,14782,0.03550605319086006,0.02007938382030261,0.0530557370259516,0.42734406710864564,2.2723875045776367
fold_anchored_w0.3_q_tilt_qmean_s0.08,coco_val/dinov3_patch/max_patch,10,74,14782,-0.0012674432938664464,-0.0029872134799894343,-5.6058276413501115e-05,0.670139358679475,-1.2978618144989014
fold_anchored_w0.3_rate_qmean,coco_val/dinov3_patch/max_patch,10,74,14782,-0.00011200573269653168,-0.0003405327483602759,7.067805814828579e-06,0.01785955892301448,-0.11469387263059616
fold_anchored_w0.3_cross_tilt_qmean,coco_val/dinov3_patch/max_patch,10,74,14782,0.002275541270174054,0.00035688771213982195,0.005819802241534472,0.842917061290759,2.3301544189453125
fold_anchored_w0.3_q_tilt_qmean_s0.04,coco_val/dinov3_patch/max_patch,10,74,14782,0.004453015204145797,0.0009171709663897254,0.008827959549272043,0.7718847246651332,4.559887886047363
fold_anchored_w0.3_q_tilt_qmean_s0.02,coco_val/dinov3_patch/max_patch,10,74,14782,0.010906617928707714,0.005247726072057786,0.017331914997327186,0.6854282235150859,11.168376922607422
fold_anchored_w0.3_q_tilt_qmean_s0.01,coco_val/dinov3_patch/max_patch,10,74,14782,0.02235012683731101,0.012945538015756519,0.03336058887904761,0.5767825734000812,22.88652992248535
fold_anchored_w0.3_q_tilt_qmean_s0.005,coco_val/dinov3_patch/max_patch,10,74,14782,0.031442599188586745,0.018434974859091863,0.04782083588231486,0.5133270193478555,32.19721984863281
fold_anchored_w0.3_mid_qmean,coco_val/dinov3_patch/max_patch,10,74,14782,0.046343952395349136,0.029028235586603744,0.0640054065195727,0.42152618048978485,47.456207275390625
fold_anchored_w0.3_q_tilt_qmean_s0.08,coco_val/siglip/whole_image,-10,74,14767,-0.007590373954459468,-0.01059308910523177,-0.005063641469595916,0.561048283334462,-7.772542476654053
fold_anchored_w0.3_q_tilt_qmean_s0.04,coco_val/siglip/whole_image,-10,74,14767,-0.0063420216493516425,-0.008986111949340432,-0.004009525368939182,0.558339540868152,-6.494230270385742
fold_anchored_w0.3_cross_tilt_qmean,coco_val/siglip/whole_image,-10,74,14767,-0.0009301007821950652,-0.003629846287872538,0.001311742758846505,0.4981377395544119,-0.9524232149124146
fold_anchored_w0.3_q_tilt_qmean_s0.02,coco_val/siglip/whole_image,-10,74,14767,-0.00047726030227387446,-0.004326002639655603,0.004764027819731717,0.4824947518114715,-0.4887145757675171
fold_anchored_w0.3_rate_qmean,coco_val/siglip/whole_image,-10,74,14767,0.0042722234644020935,0.0011230375523745032,0.007074357687914114,0.28956456964854066,4.374757289886475
fold_anchored_w0.3_q_tilt_qmean_s0.01,coco_val/siglip/whole_image,-10,74,14767,0.025493411079791,0.016879851377764588,0.03550374358238561,0.14694927879731834,26.105253219604492
fold_anchored_w0.3_q_tilt_qmean_s0.005,coco_val/siglip/whole_image,-10,74,14767,0.056237126328165084,0.04277270706427597,0.07034878300171044,0.0771314417281777,57.58680725097656
fold_anchored_w0.3_mid_qmean,coco_val/siglip/whole_image,-10,74,14767,0.09683393814122758,0.08100781267468748,0.11313068572545072,0.030270197061014425,99.15795135498047
fold_anchored_w0.3_q_tilt_qmean_s0.08,coco_val/siglip/whole_image,-6,74,14767,-0.010812985289433258,-0.01595806078427469,-0.006108816028532803,0.5010496377056951,-0.6920310258865356
fold_anchored_w0.3_q_tilt_qmean_s0.04,coco_val/siglip/whole_image,-6,74,14767,-0.00817292694945708,-0.012360834435137164,-0.004488917123170403,0.49583530845804835,-0.5230672955513
fold_anchored_w0.3_cross_tilt_qmean,coco_val/siglip/whole_image,-6,74,14767,-0.004654030483318304,-0.00796423811545439,-0.001734068038658242,0.5928082887519469,-0.29785794019699097
fold_anchored_w0.3_rate_qmean,coco_val/siglip/whole_image,-6,74,14767,0.005038213259320253,0.0016750415126365182,0.008050113105383462,0.29836798266404824,0.3224456310272217
fold_anchored_w0.3_q_tilt_qmean_s0.02,coco_val/siglip/whole_image,-6,74,14767,0.009366500678437218,0.004723630771239776,0.014280535269217822,0.27446333039886234,0.5994561314582825
fold_anchored_w0.3_q_tilt_qmean_s0.01,coco_val/siglip/whole_image,-6,74,14767,0.03767255496682451,0.028960160545916182,0.04767399831188093,0.07022414843908716,2.411043405532837
fold_anchored_w0.3_q_tilt_qmean_s0.005,coco_val/siglip/whole_image,-6,74,14767,0.05942312251411479,0.048217971867337395,0.07179821684973856,0.07401638789192118,3.8030800819396973
fold_anchored_w0.3_mid_qmean,coco_val/siglip/whole_image,-6,74,14767,0.0799313706507697,0.06696545714605383,0.09291292344178637,0.05383625651791156,5.115607738494873
fold_anchored_w0.3_cross_tilt_qmean,coco_val/siglip/whole_image,-4,74,14767,-0.013074044544073576,-0.016434227384869136,-0.010277053962872252,0.7323085257669127,-0.2091846913099289
fold_anchored_w0.3_rate_qmean,coco_val/siglip/whole_image,-4,74,14767,-0.00039075140886927475,-0.0034576698699065427,0.0026108503432722596,0.4615019976975689,-0.006252020597457886
fold_anchored_w0.3_q_tilt_qmean_s0.08,coco_val/siglip/whole_image,-4,74,14767,0.00923304765003834,0.0025632790651552322,0.01565240878758108,0.262070833615494,0.14772877097129822
fold_anchored_w0.3_q_tilt_qmean_s0.04,coco_val/siglip/whole_image,-4,74,14767,0.012468791193158895,0.007482560701287552,0.017399749913071184,0.26105505519062777,0.1995006501674652
fold_anchored_w0.3_q_tilt_qmean_s0.02,coco_val/siglip/whole_image,-4,74,14767,0.025252464770912066,0.02097210519155802,0.029659325777784278,0.1227060337238437,0.4040394425392151
fold_anchored_w0.3_q_tilt_qmean_s0.01,coco_val/siglip/whole_image,-4,74,14767,0.0436676814935856,0.03650385382945289,0.05176581203781392,0.09392564501929979,0.698682963848114
fold_anchored_w0.3_q_tilt_qmean_s0.005,coco_val/siglip/whole_image,-4,74,14767,0.05402064707123901,0.04514139315386372,0.06334295217848439,0.10699532741924561,0.8643303513526917
fold_anchored_w0.3_mid_qmean,coco_val/siglip/whole_image,-4,74,14767,0.05739908155354331,0.045974571408559976,0.06941619538782695,0.20423918195977517,0.91838538646698
fold_anchored_w0.3_cross_tilt_qmean,coco_val/siglip/whole_image,-3,74,14767,-0.02049621053678542,-0.02410042358959357,-0.016579517897721295,0.7721947585833276,-0.16396969556808472
fold_anchored_w0.3_rate_qmean,coco_val/siglip/whole_image,-3,74,14767,-0.00709031210509066,-0.011690350588941256,-0.0028247733270168173,0.5139161644206677,-0.056722491979599
fold_anchored_w0.3_q_tilt_qmean_s0.04,coco_val/siglip/whole_image,-3,74,14767,0.03625754723120858,0.02817562429302819,0.04425043997748493,0.2941694318412677,0.2900603711605072
fold_anchored_w0.3_mid_qmean,coco_val/siglip/whole_image,-3,74,14767,0.038827911643091136,0.027402568368297825,0.05084303692575132,0.253673731969933,0.31062328815460205
fold_anchored_w0.3_q_tilt_qmean_s0.02,coco_val/siglip/whole_image,-3,74,14767,0.03899686889899139,0.032645177360894666,0.04509913582162856,0.09270671090946028,0.3119749426841736
fold_anchored_w0.3_q_tilt_qmean_s0.08,coco_val/siglip/whole_image,-3,74,14767,0.04488537159301592,0.03554212117864203,0.05340345264129289,0.13374415927405703,0.3590829372406006
fold_anchored_w0.3_q_tilt_qmean_s0.005,coco_val/siglip/whole_image,-3,74,14767,0.045886200001601735,0.03733675246853759,0.054212962397699856,0.1221642852305817,0.3670895993709564
fold_anchored_w0.3_q_tilt_qmean_s0.01,coco_val/siglip/whole_image,-3,74,14767,0.047359304744089524,0.039743823758180946,0.05459495225844187,0.10435430351459335,0.3788744807243347
fold_anchored_w0.3_cross_tilt_qmean,coco_val/siglip/whole_image,-2,74,14767,-0.02970721307714042,-0.03564344301152773,-0.023439852419825324,0.7604117288548792,-0.11882884800434113
fold_anchored_w0.3_rate_qmean,coco_val/siglip/whole_image,-2,74,14767,-0.015868953999096127,-0.02338271844983324,-0.008925435018710308,0.5024040089388502,-0.06347581744194031
fold_anchored_w0.3_mid_qmean,coco_val/siglip/whole_image,-2,74,14767,0.014927339086441222,0.0032668228855834824,0.026230588826217933,0.2483239655989707,0.05970936268568039
fold_anchored_w0.3_q_tilt_qmean_s0.005,coco_val/siglip/whole_image,-2,74,14767,0.03364467349004101,0.025020557689021113,0.04201384717799138,0.129681045574592,0.13457870483398438
fold_anchored_w0.3_q_tilt_qmean_s0.01,coco_val/siglip/whole_image,-2,74,14767,0.049893044083177844,0.03863405569730251,0.06187286158383358,0.10232274666486084,0.19957219064235687
fold_anchored_w0.3_q_tilt_qmean_s0.02,coco_val/siglip/whole_image,-2,74,14767,0.05954623519996735,0.046291641877315985,0.07403099159537059,0.08552854337373875,0.23818497359752655
fold_anchored_w0.3_q_tilt_qmean_s0.04,coco_val/siglip/whole_image,-2,74,14767,0.07030505582463627,0.05387223261003417,0.08659980103406564,0.3070359585562403,0.2812201976776123
fold_anchored_w0.3_q_tilt_qmean_s0.08,coco_val/siglip/whole_image,-2,74,14767,0.10987586709991258,0.0927774462778084,0.1269845850277798,0.19320105640956187,0.4395034909248352
fold_anchored_w0.3_cross_tilt_qmean,coco_val/siglip/whole_image,-1,74,14767,-0.033507233339273745,-0.04302013398775818,-0.025091681389745348,0.6767115866458996,-0.06701447069644928
fold_anchored_w0.3_rate_qmean,coco_val/siglip/whole_image,-1,74,14767,-0.021331779616318543,-0.031939928366635874,-0.012051212009258029,0.4202613936479989,-0.042663559317588806
fold_anchored_w0.3_mid_qmean,coco_val/siglip/whole_image,-1,74,14767,-0.007826191278778621,-0.01956161441080071,0.0018127827599921475,0.2265863073068328,-0.015652382746338844
fold_anchored_w0.3_q_tilt_qmean_s0.005,coco_val/siglip/whole_image,-1,74,14767,0.02082543804391281,0.009940928339253603,0.03253727478711733,0.1422089794812758,0.04165087640285492
fold_anchored_w0.3_q_tilt_qmean_s0.01,coco_val/siglip/whole_image,-1,74,14767,0.03845340485379377,0.02604558365812802,0.05242699217432763,0.11112615968036839,0.07690680027008057
fold_anchored_w0.3_q_tilt_qmean_s0.02,coco_val/siglip/whole_image,-1,74,14767,0.07826502760360961,0.05268777958505804,0.10719342544443616,0.11099072255705289,0.15653005242347717
fold_anchored_w0.3_q_tilt_qmean_s0.04,coco_val/siglip/whole_image,-1,74,14767,0.11459309886811604,0.07939702028662715,0.15147781979676314,0.29504977314281844,0.22918619215488434
fold_anchored_w0.3_q_tilt_qmean_s0.08,coco_val/siglip/whole_image,-1,74,14767,0.16425063618068658,0.12633175063017768,0.2035915646517202,0.38349021466784045,0.32850125432014465
fold_anchored_w0.3_cross_tilt_qmean,coco_val/siglip/whole_image,0,74,14767,-0.00352820306048867,-0.013126073031073887,0.007045351092440519,0.5340962957946773,-0.0035282026510685682
fold_anchored_w0.3_rate_qmean,coco_val/siglip/whole_image,0,74,14767,-0.0034562290197386204,-0.008468762235807425,0.0010795887333261863,0.30493668314485,-0.0034562288783490658
fold_anchored_w0.3_mid_qmean,coco_val/siglip/whole_image,0,74,14767,0.0,0.0,0.0,0.0,0.0
fold_anchored_w0.3_q_tilt_qmean_s0.005,coco_val/siglip/whole_image,0,74,14767,0.0,0.0,0.0,0.0,0.0
fold_anchored_w0.3_q_tilt_qmean_s0.01,coco_val/siglip/whole_image,0,74,14767,0.0,0.0,0.0,0.0,0.0
fold_anchored_w0.3_q_tilt_qmean_s0.02,coco_val/siglip/whole_image,0,74,14767,0.0,0.0,0.0,0.0,0.0
fold_anchored_w0.3_q_tilt_qmean_s0.04,coco_val/siglip/whole_image,0,74,14767,0.0,0.0,0.0,0.0,0.0
fold_anchored_w0.3_q_tilt_qmean_s0.08,coco_val/siglip/whole_image,0,74,14767,0.0,0.0,0.0,0.0,0.0
fold_anchored_w0.3_q_tilt_qmean_s0.02,coco_val/siglip/whole_image,1,74,14767,-0.007643649812728875,-0.012995542918017813,-0.002295403864225998,0.5791291392970813,-0.015287297777831554
fold_anchored_w0.3_q_tilt_qmean_s0.01,coco_val/siglip/whole_image,1,74,14767,-0.007220668180977825,-0.01277878877551081,-0.0012770867299361772,0.5961942168348344,-0.014441337436437607
fold_anchored_w0.3_q_tilt_qmean_s0.005,coco_val/siglip/whole_image,1,74,14767,-0.0069289790842319504,-0.01297188026209664,-0.0007365537471508349,0.6131915758109298,-0.013857957907021046
fold_anchored_w0.3_q_tilt_qmean_s0.04,coco_val/siglip/whole_image,1,74,14767,-0.006482947750702953,-0.01088985721182473,-0.002207120169299056,0.5864427439561184,-0.012965895235538483
fold_anchored_w0.3_rate_qmean,coco_val/siglip/whole_image,1,74,14767,-0.0012529336758283585,-0.004449091252816386,0.001522335642253106,0.3289090539716936,-0.0025058675091713667
fold_anchored_w0.3_q_tilt_qmean_s0.08,coco_val/siglip/whole_image,1,74,14767,0.0003985029759958805,-0.004198560399513062,0.004580220305595845,0.3647321730886436,0.0007970058359205723
fold_anchored_w0.3_mid_qmean,coco_val/siglip/whole_image,1,74,14767,0.003368661979038734,-0.002455650670143203,0.010183229276161589,0.6024920430690052,0.0067373234778642654
fold_anchored_w0.3_cross_tilt_qmean,coco_val/siglip/whole_image,1,74,14767,0.011227269689206386,0.00032946401808805754,0.02592253486722796,0.5017268233222726,0.02245454117655754
fold_anchored_w0.3_q_tilt_qmean_s0.04,coco_val/siglip/whole_image,2,74,14767,-0.003051548312509407,-0.01046486131954471,0.006610825716170188,0.5947721270400217,-0.01220619399100542
fold_anchored_w0.3_rate_qmean,coco_val/siglip/whole_image,2,74,14767,-0.000824877272837487,-0.002579208715935631,0.0008508322293031634,0.32030879664115935,-0.003299508709460497
fold_anchored_w0.3_q_tilt_qmean_s0.02,coco_val/siglip/whole_image,2,74,14767,-0.00016098946169320797,-0.009473641080419199,0.010737231266240406,0.5707320376515203,-0.0006439571152441204
fold_anchored_w0.3_q_tilt_qmean_s0.08,coco_val/siglip/whole_image,2,74,14767,0.000549151638551848,-0.004466723212754988,0.006207508097481503,0.49326200311505386,0.002196607179939747
fold_anchored_w0.3_q_tilt_qmean_s0.01,coco_val/siglip/whole_image,2,74,14767,0.0028553045580141574,-0.00726015939075591,0.015372735072108028,0.5368727568226451,0.011421218514442444
fold_anchored_w0.3_q_tilt_qmean_s0.005,coco_val/siglip/whole_image,2,74,14767,0.00474966515360614,-0.005992060248251152,0.017097937158974365,0.5311166790817363,0.018998660147190094
fold_anchored_w0.3_mid_qmean,coco_val/siglip/whole_image,2,74,14767,0.017314334707161587,0.005578948879583795,0.030356609926860293,0.5194690864766033,0.06925733387470245
fold_anchored_w0.3_cross_tilt_qmean,coco_val/siglip/whole_image,2,74,14767,0.021375116475905384,0.005764532542155615,0.041209644226877125,0.4927879731834496,0.08550047129392624
fold_anchored_w0.3_q_tilt_qmean_s0.08,coco_val/siglip/whole_image,3,74,14767,-0.000806131059082848,-0.006524010380953031,0.006193395336791764,0.5456084512764949,-0.0064490498043596745
fold_anchored_w0.3_rate_qmean,coco_val/siglip/whole_image,3,74,14767,-0.0007602497982736315,-0.0019431717964564727,0.0002904340024229352,0.2956592401977382,-0.006081998348236084
fold_anchored_w0.3_q_tilt_qmean_s0.04,coco_val/siglip/whole_image,3,74,14767,0.0032504083015196927,-0.006479645402902639,0.015092547022520702,0.5784519536805038,0.026003269478678703
fold_anchored_w0.3_q_tilt_qmean_s0.02,coco_val/siglip/whole_image,3,74,14767,0.011151058580867972,-0.001255622050804369,0.025634745191574253,0.527663032437191,0.08920847624540329
fold_anchored_w0.3_q_tilt_qmean_s0.01,coco_val/siglip/whole_image,3,74,14767,0.01775689369202843,0.0034145548266678815,0.034666633276066096,0.4629918060540394,0.14205516874790192
fold_anchored_w0.3_q_tilt_qmean_s0.005,coco_val/siglip/whole_image,3,74,14767,0.022151807428501244,0.00727543768660178,0.0395987888045351,0.43082548926660796,0.17721445858478546
fold_anchored_w0.3_cross_tilt_qmean,coco_val/siglip/whole_image,3,74,14767,0.029353313995965732,0.011589470935349882,0.05060877539174209,0.473149590302702,0.23482650518417358
fold_anchored_w0.3_mid_qmean,coco_val/siglip/whole_image,3,74,14767,0.03697520135618696,0.02206612733700879,0.055639628837899,0.4081397711112616,0.29580163955688477
fold_anchored_w0.3_rate_qmean,coco_val/siglip/whole_image,4,74,14767,-0.0004985616828275237,-0.0013368211715327858,0.00027408729354315344,0.2751405160154398,-0.007976988330483437
fold_anchored_w0.3_q_tilt_qmean_s0.08,coco_val/siglip/whole_image,4,74,14767,0.0031097265337184828,-0.002696647078148483,0.0101136430529378,0.5624703731292747,0.04975562542676926
fold_anchored_w0.3_q_tilt_qmean_s0.04,coco_val/siglip/whole_image,4,74,14767,0.013706911808726177,0.002418316731839425,0.025651249702541203,0.49834089523938513,0.21931058168411255
fold_anchored_w0.3_q_tilt_qmean_s0.02,coco_val/siglip/whole_image,4,74,14767,0.02522930740412227,0.010442978956736034,0.04155961267875139,0.42310557323762443,0.40366891026496887
fold_anchored_w0.3_cross_tilt_qmean,coco_val/siglip/whole_image,4,74,14767,0.03533420347092623,0.018057293629523907,0.0571108636223397,0.39622130425949753,0.5653472542762756
fold_anchored_w0.3_q_tilt_qmean_s0.01,coco_val/siglip/whole_image,4,74,14767,0.03544887387338472,0.01919232253535852,0.05375865044841553,0.3339202275343672,0.5671819448471069
fold_anchored_w0.3_q_tilt_qmean_s0.005,coco_val/siglip/whole_image,4,74,14767,0.04159791565851609,0.02413934651436599,0.06168437222722049,0.2859077673190221,0.6655666828155518
fold_anchored_w0.3_mid_qmean,coco_val/siglip/whole_image,4,74,14767,0.058641982437866565,0.03969796596817055,0.07988814857664102,0.2784587255366696,0.9382718205451965
fold_anchored_w0.3_rate_qmean,coco_val/siglip/whole_image,6,74,14767,-0.0003394110680150137,-0.0010147122960906803,0.0003027293715631824,0.2506941152569919,-0.021722305566072464
fold_anchored_w0.3_q_tilt_qmean_s0.08,coco_val/siglip/whole_image,6,74,14767,0.004108872504828567,-0.000482160820971527,0.008930922451135465,0.575675492652536,0.2629678249359131
fold_anchored_w0.3_q_tilt_qmean_s0.04,coco_val/siglip/whole_image,6,74,14767,0.02071579086662717,0.010131035975073983,0.03245519559855106,0.4443014830365003,1.3258106708526611
fold_anchored_w0.3_cross_tilt_qmean,coco_val/siglip/whole_image,6,74,14767,0.02445308843527675,0.013377150517029607,0.037197959401345466,0.46454933297216766,1.5649977922439575
fold_anchored_w0.3_q_tilt_qmean_s0.02,coco_val/siglip/whole_image,6,74,14767,0.038143155092257075,0.02300573365439443,0.0547882185889476,0.3551838558949008,2.441161870956421
fold_anchored_w0.3_q_tilt_qmean_s0.01,coco_val/siglip/whole_image,6,74,14767,0.052646453220183284,0.034884724021665876,0.0738525560391576,0.26755603710977177,3.369373083114624
fold_anchored_w0.3_q_tilt_qmean_s0.005,coco_val/siglip/whole_image,6,74,14767,0.062311454954544536,0.04290714229488937,0.0854631431968104,0.19733188867068463,3.9879331588745117
fold_anchored_w0.3_mid_qmean,coco_val/siglip/whole_image,6,74,14767,0.0838934611757223,0.06283178674560544,0.10759488662006333,0.19401367914945486,5.369181156158447
fold_anchored_w0.3_q_tilt_qmean_s0.08,coco_val/siglip/whole_image,10,74,14767,-0.002964937216157489,-0.005421666370310787,-0.0007925385970781007,0.5685650436784723,-3.036095380783081
fold_anchored_w0.3_rate_qmean,coco_val/siglip/whole_image,10,74,14767,-0.00044023697329722433,-0.00080206011359302,-0.00016025498568628837,0.05844111871063858,-0.45080268383026123
fold_anchored_w0.3_cross_tilt_qmean,coco_val/siglip/whole_image,10,74,14767,0.0056673330145363895,0.00312261799432169,0.008977629545393584,0.7099614004198551,5.803349018096924
fold_anchored_w0.3_q_tilt_qmean_s0.04,coco_val/siglip/whole_image,10,74,14767,0.015672513466474688,0.00810251735630929,0.02388083226779427,0.5050450328435024,16.04865264892578
fold_anchored_w0.3_q_tilt_qmean_s0.02,coco_val/siglip/whole_image,10,74,14767,0.03526828502135932,0.022140712372475793,0.050710774845990535,0.4203291122096567,36.11472702026367
fold_anchored_w0.3_q_tilt_qmean_s0.01,coco_val/siglip/whole_image,10,74,14767,0.05330199898162391,0.036624591552771486,0.07297247058300804,0.31306291054378005,54.58124923706055
fold_anchored_w0.3_q_tilt_qmean_s0.005,coco_val/siglip/whole_image,10,74,14767,0.06787662766701155,0.04795839973090978,0.0899221823122378,0.2238775648405228,69.50566101074219
fold_anchored_w0.3_mid_qmean,coco_val/siglip/whole_image,10,74,14767,0.09656768707980125,0.07457140971903731,0.12094884617055524,0.17749035010496378,98.88531494140625
fold_anchored_w0.3_q_tilt_qmean_s0.08,visual_genome_m/dinov3_patch/max_patch,-10,92,18062,-0.03343858899539189,-0.04201143300080487,-0.02539610672433779,0.8228324659506145,-34.241111755371094
fold_anchored_w0.3_q_tilt_qmean_s0.04,visual_genome_m/dinov3_patch/max_patch,-10,92,18062,-0.029494588029698978,-0.03688696348233876,-0.022347559030318855,0.793987376813199,-30.202455520629883
fold_anchored_w0.3_q_tilt_qmean_s0.02,visual_genome_m/dinov3_patch/max_patch,-10,92,18062,0.002224501840445377,-0.005035368078937529,0.01002498511781154,0.5359871553537814,2.2778899669647217
fold_anchored_w0.3_cross_tilt_qmean,visual_genome_m/dinov3_patch/max_patch,-10,92,18062,0.002281645918945129,0.00034406408748232617,0.0042026477018878156,0.4167312589967888,2.3364052772521973
fold_anchored_w0.3_rate_qmean,visual_genome_m/dinov3_patch/max_patch,-10,92,18062,0.010173471982536443,0.007923766199379,0.012293008470315605,0.20086369172849075,10.417635917663574
fold_anchored_w0.3_q_tilt_qmean_s0.01,visual_genome_m/dinov3_patch/max_patch,-10,92,18062,0.047486606181507796,0.03627713117856983,0.05969345042538496,0.22422766028125346,48.62628936767578
fold_anchored_w0.3_q_tilt_qmean_s0.005,visual_genome_m/dinov3_patch/max_patch,-10,92,18062,0.08274246360079844,0.06947509831705026,0.09692197294839729,0.041745100210386445,84.72827911376953
fold_anchored_w0.3_mid_qmean,visual_genome_m/dinov3_patch/max_patch,-10,92,18062,0.13051115520015036,0.11598865020863267,0.14542026840119987,0.0,133.64341735839844
fold_anchored_w0.3_q_tilt_qmean_s0.08,visual_genome_m/dinov3_patch/max_patch,-6,92,18062,-0.055357981778797694,-0.06811840627317155,-0.043307487237578476,0.7601594507806444,-3.5429108142852783
fold_anchored_w0.3_q_tilt_qmean_s0.04,visual_genome_m/dinov3_patch/max_patch,-6,92,18062,-0.033469660889196624,-0.04080858233302301,-0.02617839920993626,0.7156461078507363,-2.1420583724975586
fold_anchored_w0.3_cross_tilt_qmean,visual_genome_m/dinov3_patch/max_patch,-6,92,18062,-0.0022553235656865263,-0.004456736210483107,0.00017271530422199787,0.5467279371055254,-0.14434069395065308
fold_anchored_w0.3_q_tilt_qmean_s0.02,visual_genome_m/dinov3_patch/max_patch,-6,92,18062,0.007802097705754694,0.0018433496610194434,0.014323308682160918,0.4065994906433396,0.49933430552482605
fold_anchored_w0.3_rate_qmean,visual_genome_m/dinov3_patch/max_patch,-6,92,18062,0.009769213117934945,0.007604342872867204,0.012084627948238249,0.23131436164322888,0.6252296566963196
fold_anchored_w0.3_q_tilt_qmean_s0.01,visual_genome_m/dinov3_patch/max_patch,-6,92,18062,0.043552088991418714,0.03528039090251696,0.052558610922745205,0.10641125013841214,2.7873337268829346
fold_anchored_w0.3_q_tilt_qmean_s0.005,visual_genome_m/dinov3_patch/max_patch,-6,92,18062,0.06726775294531684,0.05692061361246686,0.07803262317307677,0.04811205846528624,4.305136680603027
fold_anchored_w0.3_mid_qmean,visual_genome_m/dinov3_patch/max_patch,-6,92,18062,0.09560353572685373,0.08406234112439763,0.10681299193858411,0.02065109068763149,6.118626594543457
fold_anchored_w0.3_q_tilt_qmean_s0.08,visual_genome_m/dinov3_patch/max_patch,-4,92,18062,-0.03999175487399992,-0.052614323503297304,-0.02811029304029944,0.6149374377145388,-0.6398679614067078
fold_anchored_w0.3_q_tilt_qmean_s0.04,visual_genome_m/dinov3_patch/max_patch,-4,92,18062,-0.013338382725993617,-0.019825381119865242,-0.0063567733869011,0.5782859041080722,-0.21341414749622345
fold_anchored_w0.3_cross_tilt_qmean,visual_genome_m/dinov3_patch/max_patch,-4,92,18062,-0.008663836928403527,-0.011537680626015177,-0.006002187825943704,0.6718525080279039,-0.13862138986587524
fold_anchored_w0.3_rate_qmean,visual_genome_m/dinov3_patch/max_patch,-4,92,18062,0.005661589953334718,0.0025214288809365824,0.00849587974110403,0.3257114383789171,0.09058544784784317
fold_anchored_w0.3_q_tilt_qmean_s0.02,visual_genome_m/dinov3_patch/max_patch,-4,92,18062,0.014954194803620972,0.010197515431813688,0.020226645894581452,0.29598051157125455,0.23926712572574615
fold_anchored_w0.3_q_tilt_qmean_s0.01,visual_genome_m/dinov3_patch/max_patch,-4,92,18062,0.03609261598627526,0.02964440565898528,0.04284121627174697,0.068541689735356,0.5774818658828735
fold_anchored_w0.3_q_tilt_qmean_s0.005,visual_genome_m/dinov3_patch/max_patch,-4,92,18062,0.04909031148924006,0.04116840874640215,0.057062757393578065,0.13254346141069648,0.7854450345039368
fold_anchored_w0.3_mid_qmean,visual_genome_m/dinov3_patch/max_patch,-4,92,18062,0.0650248703228578,0.05554456642071075,0.07464592035906642,0.11216919499501717,1.0403978824615479
fold_anchored_w0.3_cross_tilt_qmean,visual_genome_m/dinov3_patch/max_patch,-3,92,18062,-0.01288895773570956,-0.016935046126803115,-0.009105870214470898,0.7120473923153582,-0.10311166197061539
fold_anchored_w0.3_q_tilt_qmean_s0.08,visual_genome_m/dinov3_patch/max_patch,-3,92,18062,-0.004079937450391615,-0.016642304840867005,0.008660735181654118,0.4887609345587421,-0.032639503479003906
fold_anchored_w0.3_rate_qmean,visual_genome_m/dinov3_patch/max_patch,-3,92,18062,0.0017262616146700052,-0.002996246343951972,0.005833181884253976,0.3698372273280921,0.013810092583298683
fold_anchored_w0.3_q_tilt_qmean_s0.04,visual_genome_m/dinov3_patch/max_patch,-3,92,18062,0.007278510683175662,-0.0006744306708519022,0.015373765007192869,0.5509910308935887,0.058228086680173874
fold_anchored_w0.3_q_tilt_qmean_s0.02,visual_genome_m/dinov3_patch/max_patch,-3,92,18062,0.02053179589569007,0.015513468452330847,0.02546154692161745,0.2747757723397187,0.16425436735153198
fold_anchored_w0.3_q_tilt_qmean_s0.01,visual_genome_m/dinov3_patch/max_patch,-3,92,18062,0.03070220166093508,0.02558404689386763,0.03605934490130849,0.08791938877200753,0.24561761319637299
fold_anchored_w0.3_q_tilt_qmean_s0.005,visual_genome_m/dinov3_patch/max_patch,-3,92,18062,0.03529593636314688,0.02802845357625262,0.04256698659653762,0.16459971210275717,0.282367467880249
fold_anchored_w0.3_mid_qmean,visual_genome_m/dinov3_patch/max_patch,-3,92,18062,0.04515862734115217,0.03582545770015871,0.05424593712532837,0.15695936219687742,0.3612690269947052
fold_anchored_w0.3_cross_tilt_qmean,visual_genome_m/dinov3_patch/max_patch,-2,92,18062,-0.015237700519798596,-0.020194834527797946,-0.010732867180440343,0.7201860259107519,-0.06095080450177193
fold_anchored_w0.3_rate_qmean,visual_genome_m/dinov3_patch/max_patch,-2,92,18062,-0.0008572830379505277,-0.006186666448427232,0.0038301365816827753,0.36529730926807663,-0.003429133677855134
fold_anchored_w0.3_q_tilt_qmean_s0.005,visual_genome_m/dinov3_patch/max_patch,-2,92,18062,0.01943377371745832,0.01256363028008744,0.02562420238922957,0.17074521094009523,0.07773508876562119
fold_anchored_w0.3_q_tilt_qmean_s0.01,visual_genome_m/dinov3_patch/max_patch,-2,92,18062,0.022362053696744388,0.018301198965649666,0.026905693962275424,0.12960912412800354,0.08944821357727051
fold_anchored_w0.3_mid_qmean,visual_genome_m/dinov3_patch/max_patch,-2,92,18062,0.02437616690788317,0.015920768724311567,0.032197905709108444,0.17013619754180045,0.09750466048717499
fold_anchored_w0.3_q_tilt_qmean_s0.02,visual_genome_m/dinov3_patch/max_patch,-2,92,18062,0.02689086590291244,0.019339183679356053,0.03490253934050207,0.2490311150481674,0.10756346583366394
fold_anchored_w0.3_q_tilt_qmean_s0.04,visual_genome_m/dinov3_patch/max_patch,-2,92,18062,0.035511825965089804,0.021977416020150565,0.04992254363066382,0.5212047392315359,0.14204731583595276
fold_anchored_w0.3_q_tilt_qmean_s0.08,visual_genome_m/dinov3_patch/max_patch,-2,92,18062,0.05332598189251376,0.036468778598393085,0.0719530963567946,0.43035101317683533,0.21330392360687256
fold_anchored_w0.3_cross_tilt_qmean,visual_genome_m/dinov3_patch/max_patch,-1,92,18062,-0.010029254097073293,-0.01388278983399489,-0.006542855236852041,0.6539696600597941,-0.020058508962392807
fold_anchored_w0.3_rate_qmean,visual_genome_m/dinov3_patch/max_patch,-1,92,18062,0.0011072349121684017,-0.002810507120537532,0.004926911367421938,0.3635809987819732,0.002214469714090228
fold_anchored_w0.3_q_tilt_qmean_s0.005,visual_genome_m/dinov3_patch/max_patch,-1,92,18062,0.0072414147906111675,0.0033967924858861014,0.010751999423384562,0.23197873989591408,0.014482831582427025
fold_anchored_w0.3_mid_qmean,visual_genome_m/dinov3_patch/max_patch,-1,92,18062,0.008290933595360359,0.0035862434048676336,0.012700935312916597,0.22649761931126122,0.016581866890192032
fold_anchored_w0.3_q_tilt_qmean_s0.01,visual_genome_m/dinov3_patch/max_patch,-1,92,18062,0.008686557531726303,0.006299577680961786,0.01096869217785554,0.21448344590853727,0.017373116686940193
fold_anchored_w0.3_q_tilt_qmean_s0.02,visual_genome_m/dinov3_patch/max_patch,-1,92,18062,0.02483741197066474,0.013030574422698563,0.0380490123670271,0.28551655409146276,0.04967482015490532
fold_anchored_w0.3_q_tilt_qmean_s0.04,visual_genome_m/dinov3_patch/max_patch,-1,92,18062,0.05273490098198121,0.029914711949882274,0.07841747526846396,0.47735577455431294,0.10546980053186417
fold_anchored_w0.3_q_tilt_qmean_s0.08,visual_genome_m/dinov3_patch/max_patch,-1,92,18062,0.10103503115157725,0.06834704291018368,0.1348241047451398,0.4522201306610564,0.20207004249095917
fold_anchored_w0.3_mid_qmean,visual_genome_m/dinov3_patch/max_patch,0,92,18062,0.0,0.0,0.0,0.0,0.0
fold_anchored_w0.3_q_tilt_qmean_s0.005,visual_genome_m/dinov3_patch/max_patch,0,92,18062,0.0,0.0,0.0,0.0,0.0
fold_anchored_w0.3_q_tilt_qmean_s0.01,visual_genome_m/dinov3_patch/max_patch,0,92,18062,0.0,0.0,0.0,0.0,0.0
fold_anchored_w0.3_q_tilt_qmean_s0.02,visual_genome_m/dinov3_patch/max_patch,0,92,18062,0.0,0.0,0.0,0.0,0.0
fold_anchored_w0.3_q_tilt_qmean_s0.04,visual_genome_m/dinov3_patch/max_patch,0,92,18062,0.0,0.0,0.0,0.0,0.0
fold_anchored_w0.3_q_tilt_qmean_s0.08,visual_genome_m/dinov3_patch/max_patch,0,92,18062,0.0,0.0,0.0,0.0,0.0
fold_anchored_w0.3_cross_tilt_qmean,visual_genome_m/dinov3_patch/max_patch,0,92,18062,0.002751288622280497,-0.002737081456351244,0.008539035182741857,0.5131214704905326,0.0027512889355421066
fold_anchored_w0.3_rate_qmean,visual_genome_m/dinov3_patch/max_patch,0,92,18062,0.0031582849943610517,-0.00024098776301027255,0.006404124618743282,0.3615324991695272,0.0031582845840603113
fold_anchored_w0.3_q_tilt_qmean_s0.04,visual_genome_m/dinov3_patch/max_patch,1,92,18062,-0.001072650422745779,-0.0028991131479415345,0.0006101125054081649,0.5049274720407485,-0.002145301317796111
fold_anchored_w0.3_rate_qmean,visual_genome_m/dinov3_patch/max_patch,1,92,18062,-0.0003565059542661006,-0.0028609372388097615,0.001916905616864191,0.3613664046063559,-0.000713012064807117
fold_anchored_w0.3_q_tilt_qmean_s0.02,visual_genome_m/dinov3_patch/max_patch,1,92,18062,0.0006436662789264633,-0.001486804303986782,0.0027198248659774625,0.5484996124460193,0.0012873327359557152
fold_anchored_w0.3_q_tilt_qmean_s0.08,visual_genome_m/dinov3_patch/max_patch,1,92,18062,0.001436465412078415,-0.002071844889605532,0.004917991447180848,0.3713320783966338,0.0028729308396577835
fold_anchored_w0.3_q_tilt_qmean_s0.01,visual_genome_m/dinov3_patch/max_patch,1,92,18062,0.002635720906887993,-0.0002882806779029045,0.005779541454751818,0.5589635699258111,0.0052714417688548565
fold_anchored_w0.3_q_tilt_qmean_s0.005,visual_genome_m/dinov3_patch/max_patch,1,92,18062,0.004376659721026005,0.0005674078619251859,0.008424764528013917,0.5227549551544679,0.008753320202231407
fold_anchored_w0.3_mid_qmean,visual_genome_m/dinov3_patch/max_patch,1,92,18062,0.006429825829202499,0.002047232491603925,0.011145117791131818,0.4870999889270291,0.012859649956226349
fold_anchored_w0.3_cross_tilt_qmean,visual_genome_m/dinov3_patch/max_patch,1,92,18062,0.011763263755097874,0.004942938979000583,0.01882606693933785,0.4828922599933562,0.023526525124907494
fold_anchored_w0.3_q_tilt_qmean_s0.08,visual_genome_m/dinov3_patch/max_patch,2,92,18062,-0.0025313871423864125,-0.006188987122961565,0.0009447962062539678,0.4697154246484332,-0.010125548578798771
fold_anchored_w0.3_rate_qmean,visual_genome_m/dinov3_patch/max_patch,2,92,18062,-0.0003174247659894322,-0.001592088054238717,0.0010575736875412273,0.3182371830362086,-0.001269698841497302
fold_anchored_w0.3_q_tilt_qmean_s0.04,visual_genome_m/dinov3_patch/max_patch,2,92,18062,0.00038783599460578483,-0.002911090020674949,0.004215983345215056,0.5482227881740671,0.0015513437101617455
fold_anchored_w0.3_q_tilt_qmean_s0.02,visual_genome_m/dinov3_patch/max_patch,2,92,18062,0.007997451198088644,0.0024041469360069996,0.013851608507387854,0.5194884287454324,0.03198980540037155
fold_anchored_w0.3_q_tilt_qmean_s0.01,visual_genome_m/dinov3_patch/max_patch,2,92,18062,0.01472738397601263,0.007744382562577812,0.02217491143113796,0.40311150481674235,0.05890953913331032
fold_anchored_w0.3_cross_tilt_qmean,visual_genome_m/dinov3_patch/max_patch,2,92,18062,0.018709029611668287,0.009843783266968904,0.02852329799627667,0.3983501273391651,0.0748361125588417
fold_anchored_w0.3_q_tilt_qmean_s0.005,visual_genome_m/dinov3_patch/max_patch,2,92,18062,0.0192481309925864,0.011334015618084106,0.02766022606361809,0.36352563392758275,0.07699252665042877
fold_anchored_w0.3_mid_qmean,visual_genome_m/dinov3_patch/max_patch,2,92,18062,0.02563161259699289,0.016362939813710828,0.035724996686052606,0.32687410032111613,0.10252644866704941
fold_anchored_w0.3_q_tilt_qmean_s0.08,visual_genome_m/dinov3_patch/max_patch,3,92,18062,-0.0006051901731523132,-0.004852470914304674,0.004024069712262762,0.533883290886945,-0.004841519985347986
fold_anchored_w0.3_rate_qmean,visual_genome_m/dinov3_patch/max_patch,3,92,18062,-0.0003946009061288034,-0.0014009791953220013,0.0006015330980897918,0.2567268298084376,-0.003156807506456971
fold_anchored_w0.3_q_tilt_qmean_s0.04,visual_genome_m/dinov3_patch/max_patch,3,92,18062,0.009033615108463615,0.0016130234875084209,0.018149859009048194,0.5622300963348467,0.07226891815662384
fold_anchored_w0.3_q_tilt_qmean_s0.02,visual_genome_m/dinov3_patch/max_patch,3,92,18062,0.02293654920189827,0.013067444996853361,0.03417995576320979,0.3916509799579227,0.18349237740039825
fold_anchored_w0.3_cross_tilt_qmean,visual_genome_m/dinov3_patch/max_patch,3,92,18062,0.029295798479917878,0.016033765742932977,0.043140213999589345,0.33340715313918723,0.23436640202999115
fold_anchored_w0.3_q_tilt_qmean_s0.01,visual_genome_m/dinov3_patch/max_patch,3,92,18062,0.03508491976232187,0.023494554724849244,0.04876642858096442,0.27710109622411694,0.2806793451309204
fold_anchored_w0.3_q_tilt_qmean_s0.005,visual_genome_m/dinov3_patch/max_patch,3,92,18062,0.042438047020882746,0.029356470559063697,0.05683443105298584,0.248975750193777,0.3395044207572937
fold_anchored_w0.3_mid_qmean,visual_genome_m/dinov3_patch/max_patch,3,92,18062,0.05317270218991958,0.03808904878564847,0.06867568420066558,0.23037315911859152,0.4253816306591034
fold_anchored_w0.3_rate_qmean,visual_genome_m/dinov3_patch/max_patch,4,92,18062,-1.854027908373847e-05,-0.000696820062239567,0.0006764325510966558,0.21326541911194774,-0.00029664384783245623
fold_anchored_w0.3_q_tilt_qmean_s0.08,visual_genome_m/dinov3_patch/max_patch,4,92,18062,0.0009195756946333543,-0.004860631162437526,0.007030291286070626,0.6309932454877644,0.014713210053741932
fold_anchored_w0.3_q_tilt_qmean_s0.04,visual_genome_m/dinov3_patch/max_patch,4,92,18062,0.018588452947053313,0.008619737098451484,0.029550063059713975,0.5211493743771454,0.29741525650024414
fold_anchored_w0.3_cross_tilt_qmean,visual_genome_m/dinov3_patch/max_patch,4,92,18062,0.034072013163772084,0.020492673628778782,0.05007527674916553,0.27178607020263534,0.5451521873474121
fold_anchored_w0.3_q_tilt_qmean_s0.02,visual_genome_m/dinov3_patch/max_patch,4,92,18062,0.03714672538199406,0.024381804261982956,0.051518172611917094,0.31425091352009743,0.5943475365638733
fold_anchored_w0.3_q_tilt_qmean_s0.01,visual_genome_m/dinov3_patch/max_patch,4,92,18062,0.05234538655191579,0.03798900251419147,0.06815423460977162,0.2085040416343705,0.8375261425971985
fold_anchored_w0.3_q_tilt_qmean_s0.005,visual_genome_m/dinov3_patch/max_patch,4,92,18062,0.06283553058671279,0.04635895460612475,0.0805232329566143,0.1740671022035212,1.0053685903549194
fold_anchored_w0.3_mid_qmean,visual_genome_m/dinov3_patch/max_patch,4,92,18062,0.07757831402641782,0.05843417644968924,0.0987420030045462,0.16177610452884508,1.2412530183792114
fold_anchored_w0.3_rate_qmean,visual_genome_m/dinov3_patch/max_patch,6,92,18062,-0.0011512915728852258,-0.002433768776804952,-0.00019447601527556213,0.2049606909533828,-0.07368265837430954
fold_anchored_w0.3_q_tilt_qmean_s0.08,visual_genome_m/dinov3_patch/max_patch,6,92,18062,0.004660381281886974,-0.0014891693416895736,0.011297646561675003,0.6383014062673015,0.29826441407203674
fold_anchored_w0.3_cross_tilt_qmean,visual_genome_m/dinov3_patch/max_patch,6,92,18062,0.02998378384543922,0.01863909326952442,0.0437720755192063,0.33933119255896355,1.9189622402191162
fold_anchored_w0.3_q_tilt_qmean_s0.04,visual_genome_m/dinov3_patch/max_patch,6,92,18062,0.030520336646789117,0.019497496411128416,0.04230602333656226,0.42215701472705125,1.9533014297485352
fold_anchored_w0.3_q_tilt_qmean_s0.02,visual_genome_m/dinov3_patch/max_patch,6,92,18062,0.05400545589319612,0.03895765597775133,0.07077525328122244,0.2596058022367401,3.4563491344451904
fold_anchored_w0.3_q_tilt_qmean_s0.01,visual_genome_m/dinov3_patch/max_patch,6,92,18062,0.07468705514633178,0.056850823247647064,0.09404890891632733,0.1466614992802569,4.779971599578857
fold_anchored_w0.3_q_tilt_qmean_s0.005,visual_genome_m/dinov3_patch/max_patch,6,92,18062,0.09012901344660508,0.07022354608090371,0.11177481973515922,0.11144945188794153,5.768256664276123
fold_anchored_w0.3_mid_qmean,visual_genome_m/dinov3_patch/max_patch,6,92,18062,0.1115478806633568,0.08904160349633773,0.13421716282084717,0.09782969770789503,7.139064788818359
fold_anchored_w0.3_q_tilt_qmean_s0.08,visual_genome_m/dinov3_patch/max_patch,10,92,18062,-0.0038419792392069803,-0.006182568943839205,-0.0016080583550889386,0.5837116598383346,-3.9341869354248047
fold_anchored_w0.3_rate_qmean,visual_genome_m/dinov3_patch/max_patch,10,92,18062,-0.0005042976776495755,-0.0011704010664827411,1.0209203677986528e-05,0.1302181375262983,-0.5164008140563965
fold_anchored_w0.3_cross_tilt_qmean,visual_genome_m/dinov3_patch/max_patch,10,92,18062,0.008507357682912385,0.005333562283746918,0.012254706193789714,0.5551987598272616,8.711533546447754
fold_anchored_w0.3_q_tilt_qmean_s0.04,visual_genome_m/dinov3_patch/max_patch,10,92,18062,0.02923367237646902,0.020332803305759824,0.038742042162661874,0.40460635588528404,29.93528175354004
fold_anchored_w0.3_q_tilt_qmean_s0.02,visual_genome_m/dinov3_patch/max_patch,10,92,18062,0.058651575585194536,0.044485632154195945,0.07434239880826878,0.21780533717196324,60.0592155456543
fold_anchored_w0.3_q_tilt_qmean_s0.01,visual_genome_m/dinov3_patch/max_patch,10,92,18062,0.08266016468057744,0.06519518146036243,0.1024133358345273,0.14677222898903775,84.64401245117188
fold_anchored_w0.3_q_tilt_qmean_s0.005,visual_genome_m/dinov3_patch/max_patch,10,92,18062,0.10268593321265855,0.08347077470071267,0.12538917580734601,0.08852840217030229,105.150390625
fold_anchored_w0.3_mid_qmean,visual_genome_m/dinov3_patch/max_patch,10,92,18062,0.13571177499619333,0.11315997731925682,0.163444678885587,0.06422323109290222,138.96885681152344
fold_anchored_w0.3_q_tilt_qmean_s0.08,visual_genome_m/siglip/whole_image,-10,90,18060,-0.011571759608674863,-0.013418778910187888,-0.009862146675039237,0.8584163898117386,-11.849481582641602
fold_anchored_w0.3_q_tilt_qmean_s0.04,visual_genome_m/siglip/whole_image,-10,90,18060,-0.011356232018776306,-0.01312360815749091,-0.009644938744556082,0.8535437430786268,-11.62878131866455
fold_anchored_w0.3_cross_tilt_qmean,visual_genome_m/siglip/whole_image,-10,90,18060,-0.0034972397922602896,-0.005230590027212101,-0.0018759304709480304,0.6262458471760798,-3.5811736583709717
fold_anchored_w0.3_rate_qmean,visual_genome_m/siglip/whole_image,-10,90,18060,0.00218381426125739,0.00016184841127647414,0.004222032908785169,0.31290143964562567,2.2362256050109863
fold_anchored_w0.3_q_tilt_qmean_s0.02,visual_genome_m/siglip/whole_image,-10,90,18060,0.008506225960435486,0.003210820153437655,0.013810105028444718,0.5121816168327796,8.71037483215332
fold_anchored_w0.3_q_tilt_qmean_s0.01,visual_genome_m/siglip/whole_image,-10,90,18060,0.060226645473449025,0.04985934063392405,0.07149377204249806,0.10426356589147287,61.672080993652344
fold_anchored_w0.3_q_tilt_qmean_s0.005,visual_genome_m/siglip/whole_image,-10,90,18060,0.10566128516752542,0.0925131746915876,0.11896602305310945,0.005592469545957918,108.1971435546875
fold_anchored_w0.3_mid_qmean,visual_genome_m/siglip/whole_image,-10,90,18060,0.1577638174717625,0.14466077807359398,0.17097463255955114,0.0,161.55015563964844
fold_anchored_w0.3_q_tilt_qmean_s0.08,visual_genome_m/siglip/whole_image,-6,90,18060,-0.027161342910322774,-0.031165030911272172,-0.02305712349628771,0.848172757475083,-1.738325834274292
fold_anchored_w0.3_q_tilt_qmean_s0.04,visual_genome_m/siglip/whole_image,-6,90,18060,-0.017778917365487562,-0.021314624438245017,-0.014201996889039744,0.7786821705426357,-1.1378506422042847
fold_anchored_w0.3_cross_tilt_qmean,visual_genome_m/siglip/whole_image,-6,90,18060,-0.010620909733471408,-0.012693859121601337,-0.008486595217157932,0.7926910299003322,-0.6797382235527039
fold_anchored_w0.3_rate_qmean,visual_genome_m/siglip/whole_image,-6,90,18060,0.0021555930528847967,3.133331482482997e-05,0.004226999743390882,0.3356035437430786,0.13795796036720276
fold_anchored_w0.3_q_tilt_qmean_s0.02,visual_genome_m/siglip/whole_image,-6,90,18060,0.024838117525279004,0.01763216284895154,0.032185463997803795,0.30537098560354375,1.58963942527771
fold_anchored_w0.3_q_tilt_qmean_s0.01,visual_genome_m/siglip/whole_image,-6,90,18060,0.0709512859059032,0.06056900436149185,0.08119574886793594,0.030398671096345514,4.540882587432861
fold_anchored_w0.3_q_tilt_qmean_s0.005,visual_genome_m/siglip/whole_image,-6,90,18060,0.10116551744997399,0.08948981549678138,0.11294893759768455,0.04141749723145072,6.474593639373779
fold_anchored_w0.3_mid_qmean,visual_genome_m/siglip/whole_image,-6,90,18060,0.13061484740788323,0.11926256976653046,0.14195502729931223,0.004651162790697674,8.359350204467773
fold_anchored_w0.3_q_tilt_qmean_s0.08,visual_genome_m/siglip/whole_image,-4,90,18060,-0.02189424757250688,-0.028682905084699287,-0.015187790196828758,0.6796788482834994,-0.35030797123908997
fold_anchored_w0.3_cross_tilt_qmean,visual_genome_m/siglip/whole_image,-4,90,18060,-0.016577875218920072,-0.019230346172587613,-0.01419974513259149,0.8477297895902547,-0.2652459740638733
fold_anchored_w0.3_q_tilt_qmean_s0.04,visual_genome_m/siglip/whole_image,-4,90,18060,-0.0017564121536755314,-0.00578783501444074,0.002514732719298788,0.5191029900332226,-0.02810259722173214
fold_anchored_w0.3_rate_qmean,visual_genome_m/siglip/whole_image,-4,90,18060,-0.00026085507294434744,-0.0025427905875646203,0.0019207532478342018,0.3992801771871539,-0.004173681605607271
fold_anchored_w0.3_q_tilt_qmean_s0.02,visual_genome_m/siglip/whole_image,-4,90,18060,0.03289727219736152,0.026979428362683393,0.03893106101628088,0.13300110741971208,0.5263563990592957
fold_anchored_w0.3_q_tilt_qmean_s0.01,visual_genome_m/siglip/whole_image,-4,90,18060,0.06322575061219848,0.05489941759338965,0.07154897776581089,0.055260243632336656,1.011612057685852
fold_anchored_w0.3_q_tilt_qmean_s0.005,visual_genome_m/siglip/whole_image,-4,90,18060,0.08054922695850514,0.071484526593247,0.09027975701148129,0.06522702104097453,1.288787603378296
fold_anchored_w0.3_mid_qmean,visual_genome_m/siglip/whole_image,-4,90,18060,0.09804050894454122,0.08872046318435524,0.10765352918287842,0.0553156146179402,1.5686479806900024
fold_anchored_w0.3_cross_tilt_qmean,visual_genome_m/siglip/whole_image,-3,90,18060,-0.018342392107782265,-0.021418733620278848,-0.015153298674971062,0.8413621262458472,-0.1467391401529312
fold_anchored_w0.3_rate_qmean,visual_genome_m/siglip/whole_image,-3,90,18060,-0.001881625593280963,-0.004749127205331104,0.0006699539700568691,0.4167220376522702,-0.015053004957735538
fold_anchored_w0.3_q_tilt_qmean_s0.08,visual_genome_m/siglip/whole_image,-3,90,18060,0.004088175513445296,-0.005047454395955557,0.013427309775466306,0.5149501661129569,0.0327054038643837
fold_anchored_w0.3_q_tilt_qmean_s0.04,visual_genome_m/siglip/whole_image,-3,90,18060,0.012933355044030275,0.006867573961644667,0.018817057012606202,0.46362126245847174,0.10346683114767075
fold_anchored_w0.3_q_tilt_qmean_s0.02,visual_genome_m/siglip/whole_image,-3,90,18060,0.03389930814899142,0.02917471736218431,0.038935392865338744,0.08023255813953488,0.2711944580078125
fold_anchored_w0.3_q_tilt_qmean_s0.01,visual_genome_m/siglip/whole_image,-3,90,18060,0.05097806477117249,0.04448813376841523,0.05793580335752469,0.08233665559246954,0.40782448649406433
fold_anchored_w0.3_q_tilt_qmean_s0.005,visual_genome_m/siglip/whole_image,-3,90,18060,0.062214469061129624,0.05476183296802144,0.06989735234632259,0.07104097452934663,0.4977157711982727
fold_anchored_w0.3_mid_qmean,visual_genome_m/siglip/whole_image,-3,90,18060,0.07366114582368431,0.06503659808171507,0.08161098078463207,0.06129568106312292,0.589289128780365
fold_anchored_w0.3_cross_tilt_qmean,visual_genome_m/siglip/whole_image,-2,90,18060,-0.014686648746929779,-0.019057260789409662,-0.010963765460605325,0.7533776301218161,-0.058746591210365295
fold_anchored_w0.3_rate_qmean,visual_genome_m/siglip/whole_image,-2,90,18060,-0.0013375356369781204,-0.0054030116261573205,0.002207774939896707,0.4133997785160576,-0.005350142251700163
fold_anchored_w0.3_q_tilt_qmean_s0.04,visual_genome_m/siglip/whole_image,-2,90,18060,0.02869427631085273,0.01826747595413407,0.04017910015715136,0.35930232558139535,0.1147770956158638
fold_anchored_w0.3_q_tilt_qmean_s0.02,visual_genome_m/siglip/whole_image,-2,90,18060,0.03034643766222871,0.02488978975572738,0.037116403521294056,0.0947951273532669,0.12138574570417404
fold_anchored_w0.3_q_tilt_qmean_s0.01,visual_genome_m/siglip/whole_image,-2,90,18060,0.03377499021719106,0.029067806428421238,0.038153005265630785,0.08914728682170543,0.13509996235370636
fold_anchored_w0.3_q_tilt_qmean_s0.005,visual_genome_m/siglip/whole_image,-2,90,18060,0.039281740811161904,0.03363262721725429,0.044227606985029214,0.08283499446290143,0.15712696313858032
fold_anchored_w0.3_mid_qmean,visual_genome_m/siglip/whole_image,-2,90,18060,0.045097030678557026,0.03799679942073352,0.051251574798241356,0.06993355481727574,0.18038813769817352
fold_anchored_w0.3_q_tilt_qmean_s0.08,visual_genome_m/siglip/whole_image,-2,90,18060,0.04951355105133391,0.03338694385444897,0.06711032456678367,0.4490033222591362,0.1980542093515396
fold_anchored_w0.3_cross_tilt_qmean,visual_genome_m/siglip/whole_image,-1,90,18060,-0.0006866613780504041,-0.006263765172643616,0.004365764003567965,0.5026024363233665,-0.001373322680592537
fold_anchored_w0.3_rate_qmean,visual_genome_m/siglip/whole_image,-1,90,18060,0.0008826131516090957,-0.002915857934268489,0.0038904036356022164,0.4001107419712071,0.0017652264796197414
fold_anchored_w0.3_q_tilt_qmean_s0.02,visual_genome_m/siglip/whole_image,-1,90,18060,0.01260116492533901,0.00856307879327182,0.018573459738682782,0.21511627906976744,0.025202326476573944
fold_anchored_w0.3_q_tilt_qmean_s0.01,visual_genome_m/siglip/whole_image,-1,90,18060,0.013653295455151237,0.0113429247299953,0.01604814230836281,0.17967884828349945,0.027306590229272842
fold_anchored_w0.3_q_tilt_qmean_s0.005,visual_genome_m/siglip/whole_image,-1,90,18060,0.013829403206990618,0.010069148595438391,0.016929488365130967,0.1709856035437431,0.02765880711376667
fold_anchored_w0.3_mid_qmean,visual_genome_m/siglip/whole_image,-1,90,18060,0.015697551922251782,0.011454210481089022,0.019550949114491234,0.1562015503875969,0.03139510005712509
fold_anchored_w0.3_q_tilt_qmean_s0.04,visual_genome_m/siglip/whole_image,-1,90,18060,0.027699178295365022,0.014042375655734532,0.04496444243633756,0.3593576965669989,0.055398352444171906
fold_anchored_w0.3_q_tilt_qmean_s0.08,visual_genome_m/siglip/whole_image,-1,90,18060,0.0642821097958909,0.039718947811923803,0.0905334312420043,0.4470099667774086,0.12856422364711761
fold_anchored_w0.3_mid_qmean,visual_genome_m/siglip/whole_image,0,90,18060,0.0,0.0,0.0,0.0,0.0
fold_anchored_w0.3_q_tilt_qmean_s0.005,visual_genome_m/siglip/whole_image,0,90,18060,0.0,0.0,0.0,0.0,0.0
fold_anchored_w0.3_q_tilt_qmean_s0.01,visual_genome_m/siglip/whole_image,0,90,18060,0.0,0.0,0.0,0.0,0.0
fold_anchored_w0.3_q_tilt_qmean_s0.02,visual_genome_m/siglip/whole_image,0,90,18060,0.0,0.0,0.0,0.0,0.0
fold_anchored_w0.3_q_tilt_qmean_s0.04,visual_genome_m/siglip/whole_image,0,90,18060,0.0,0.0,0.0,0.0,0.0
fold_anchored_w0.3_q_tilt_qmean_s0.08,visual_genome_m/siglip/whole_image,0,90,18060,0.0,0.0,0.0,0.0,0.0
fold_anchored_w0.3_rate_qmean,visual_genome_m/siglip/whole_image,0,90,18060,0.003303718186657534,0.0013779235139216124,0.005369037060282897,0.3953488372093023,0.0033037185203284025
fold_anchored_w0.3_cross_tilt_qmean,visual_genome_m/siglip/whole_image,0,90,18060,0.0346651527345077,0.023613440534035263,0.04571053752788833,0.3579734219269103,0.03466515615582466
fold_anchored_w0.3_rate_qmean,visual_genome_m/siglip/whole_image,1,90,18060,0.0012426379238099294,-4.72647345865577e-05,0.0024839614680018302,0.40420819490586934,0.002485275734215975
fold_anchored_w0.3_q_tilt_qmean_s0.08,visual_genome_m/siglip/whole_image,1,90,18060,0.001738898045005044,-0.0002794375474311689,0.003724150857198967,0.4191029900332226,0.0034777959808707237
fold_anchored_w0.3_q_tilt_qmean_s0.04,visual_genome_m/siglip/whole_image,1,90,18060,0.005588103354218927,0.002811198642404836,0.008543302492544674,0.48831672203765225,0.011176206171512604
fold_anchored_w0.3_q_tilt_qmean_s0.02,visual_genome_m/siglip/whole_image,1,90,18060,0.010134827544809216,0.005799854987401179,0.01489500357952137,0.42702104097452936,0.02026965282857418
fold_anchored_w0.3_q_tilt_qmean_s0.01,visual_genome_m/siglip/whole_image,1,90,18060,0.012841930052996355,0.007401399042666728,0.018096585001807802,0.40420819490586934,0.02568386122584343
fold_anchored_w0.3_q_tilt_qmean_s0.005,visual_genome_m/siglip/whole_image,1,90,18060,0.014468035546209042,0.008536496427647458,0.02055202201838256,0.3903654485049834,0.028936071321368217
fold_anchored_w0.3_mid_qmean,visual_genome_m/siglip/whole_image,1,90,18060,0.016569932733222634,0.010530391973685863,0.022672615739623626,0.3678848283499446,0.03313986584544182
fold_anchored_w0.3_cross_tilt_qmean,visual_genome_m/siglip/whole_image,1,90,18060,0.05365680397452605,0.03960908859208656,0.06867705916630155,0.2830011074197121,0.1073136106133461
fold_anchored_w0.3_rate_qmean,visual_genome_m/siglip/whole_image,2,90,18060,0.0010396272678917739,0.000121041539916607,0.001992556716605678,0.385437430786268,0.004158508963882923
fold_anchored_w0.3_q_tilt_qmean_s0.08,visual_genome_m/siglip/whole_image,2,90,18060,0.006928314112155931,0.0023639052340937872,0.012123046760156688,0.4877076411960133,0.027713259682059288
fold_anchored_w0.3_q_tilt_qmean_s0.04,visual_genome_m/siglip/whole_image,2,90,18060,0.019853506969714847,0.011371337906570664,0.02915135698021911,0.41566998892580287,0.07941402494907379
fold_anchored_w0.3_q_tilt_qmean_s0.02,visual_genome_m/siglip/whole_image,2,90,18060,0.03301902569882158,0.02230341227016955,0.04431319155516879,0.3339977851605759,0.13207609951496124
fold_anchored_w0.3_q_tilt_qmean_s0.01,visual_genome_m/siglip/whole_image,2,90,18060,0.042159303911547694,0.029992460314921726,0.054839848696590504,0.31511627906976747,0.1686372011899948
fold_anchored_w0.3_q_tilt_qmean_s0.005,visual_genome_m/siglip/whole_image,2,90,18060,0.04716103778789855,0.03418569252903884,0.06085647884982688,0.30359911406423035,0.188644140958786
fold_anchored_w0.3_mid_qmean,visual_genome_m/siglip/whole_image,2,90,18060,0.0532319565795155,0.03969429884396959,0.06691081725494262,0.2821151716500554,0.21292786300182343
fold_anchored_w0.3_cross_tilt_qmean,visual_genome_m/siglip/whole_image,2,90,18060,0.0653232578052363,0.04714971789550165,0.0847352945080395,0.26218161683277963,0.2612930238246918
fold_anchored_w0.3_rate_qmean,visual_genome_m/siglip/whole_image,3,90,18060,0.00030341549838036976,-0.0004963793346896889,0.001165408642984857,0.3768549280177187,0.002427323954179883
fold_anchored_w0.3_q_tilt_qmean_s0.08,visual_genome_m/siglip/whole_image,3,90,18060,0.014885660106988831,0.006075831311399169,0.024775848477535563,0.532890365448505,0.11908528953790665
fold_anchored_w0.3_q_tilt_qmean_s0.04,visual_genome_m/siglip/whole_image,3,90,18060,0.04031319832299939,0.026014972494708168,0.05503628933831349,0.33942414174972313,0.32250556349754333
fold_anchored_w0.3_q_tilt_qmean_s0.02,visual_genome_m/siglip/whole_image,3,90,18060,0.06130429159707597,0.04386738510026286,0.07888169114545839,0.2700996677740864,0.49043434858322144
fold_anchored_w0.3_cross_tilt_qmean,visual_genome_m/siglip/whole_image,3,90,18060,0.07306261309422553,0.05117485848966882,0.09626231114703437,0.23205980066445184,0.5845009088516235
fold_anchored_w0.3_q_tilt_qmean_s0.01,visual_genome_m/siglip/whole_image,3,90,18060,0.07668131184505506,0.05739071737011222,0.09806301160702585,0.23964562569213732,0.6134504675865173
fold_anchored_w0.3_q_tilt_qmean_s0.005,visual_genome_m/siglip/whole_image,3,90,18060,0.08538409887437916,0.06524987691340761,0.10644301174677416,0.2292358803986711,0.6830728054046631
fold_anchored_w0.3_mid_qmean,visual_genome_m/siglip/whole_image,3,90,18060,0.09584766504380646,0.07469166458532628,0.11743403810836349,0.2106312292358804,0.7667813897132874
fold_anchored_w0.3_rate_qmean,visual_genome_m/siglip/whole_image,4,90,18060,-4.319944703941777e-05,-0.0009139951169274556,0.0008997831495384551,0.36965669988925803,-0.000691190711222589
fold_anchored_w0.3_q_tilt_qmean_s0.08,visual_genome_m/siglip/whole_image,4,90,18060,0.022366458347177185,0.012182947631744254,0.03452289532891881,0.48117386489479513,0.35786330699920654
fold_anchored_w0.3_q_tilt_qmean_s0.04,visual_genome_m/siglip/whole_image,4,90,18060,0.058430103973175086,0.04173954904519228,0.07760806022295985,0.2562015503875969,0.9348816871643066
fold_anchored_w0.3_cross_tilt_qmean,visual_genome_m/siglip/whole_image,4,90,18060,0.07062698557921168,0.05061708422862769,0.09507024080550765,0.21627906976744185,1.130031704902649
fold_anchored_w0.3_q_tilt_qmean_s0.02,visual_genome_m/siglip/whole_image,4,90,18060,0.0861304382340879,0.06582957746693864,0.107496880477055,0.22004429678848283,1.3780871629714966
fold_anchored_w0.3_q_tilt_qmean_s0.01,visual_genome_m/siglip/whole_image,4,90,18060,0.106283191685927,0.08340824564711916,0.13065767245751989,0.1895902547065338,1.7005308866500854
fold_anchored_w0.3_q_tilt_qmean_s0.005,visual_genome_m/siglip/whole_image,4,90,18060,0.11886863309450241,0.09491670777726945,0.1437834389544312,0.1806201550387597,1.9018981456756592
fold_anchored_w0.3_mid_qmean,visual_genome_m/siglip/whole_image,4,90,18060,0.1334194465682635,0.1079046378805328,0.1597977230486059,0.16600221483942415,2.1347110271453857
fold_anchored_w0.3_rate_qmean,visual_genome_m/siglip/whole_image,6,90,18060,0.0008174237347753256,-0.00019234469305186194,0.0020328155851970873,0.3292358803986711,0.052315112203359604
fold_anchored_w0.3_q_tilt_qmean_s0.08,visual_genome_m/siglip/whole_image,6,90,18060,0.025148941182932403,0.014341363908509569,0.038030494226420866,0.48200442967884827,1.6095319986343384
fold_anchored_w0.3_cross_tilt_qmean,visual_genome_m/siglip/whole_image,6,90,18060,0.04835174107025119,0.030723664859372852,0.06975266738169818,0.2893687707641196,3.0945115089416504
fold_anchored_w0.3_q_tilt_qmean_s0.04,visual_genome_m/siglip/whole_image,6,90,18060,0.0746431391996642,0.0542539435542292,0.09725979109359387,0.1892580287929125,4.777161121368408
fold_anchored_w0.3_q_tilt_qmean_s0.02,visual_genome_m/siglip/whole_image,6,90,18060,0.11348368837530466,0.08904997030517228,0.13994680212644095,0.13178294573643412,7.262956619262695
fold_anchored_w0.3_q_tilt_qmean_s0.01,visual_genome_m/siglip/whole_image,6,90,18060,0.140778262160408,0.11295833029228056,0.16992969112412537,0.10991140642303433,9.009809494018555
fold_anchored_w0.3_q_tilt_qmean_s0.005,visual_genome_m/siglip/whole_image,6,90,18060,0.15917611404632528,0.1304886979397593,0.19117350727035146,0.1012735326688815,10.187271118164062
fold_anchored_w0.3_mid_qmean,visual_genome_m/siglip/whole_image,6,90,18060,0.1813751625184927,0.14986927572228725,0.21400715011701524,0.08770764119601329,11.608012199401855
fold_anchored_w0.3_rate_qmean,visual_genome_m/siglip/whole_image,10,90,18060,-0.0007450189675768332,-0.0014056388357217206,-0.0002185954123679576,0.13427464008859358,-0.7628994584083557
fold_anchored_w0.3_q_tilt_qmean_s0.08,visual_genome_m/siglip/whole_image,10,90,18060,0.002756211341706205,-4.3628098264538226e-05,0.006568364411145775,0.5358250276854928,2.8223605155944824
fold_anchored_w0.3_cross_tilt_qmean,visual_genome_m/siglip/whole_image,10,90,18060,0.011269638667334114,0.005329549813745496,0.019426046872798818,0.6425249169435215,11.540109634399414
fold_anchored_w0.3_q_tilt_qmean_s0.04,visual_genome_m/siglip/whole_image,10,90,18060,0.05858915305903389,0.04003154654325853,0.0806070208678769,0.2565891472868217,59.995296478271484
fold_anchored_w0.3_q_tilt_qmean_s0.02,visual_genome_m/siglip/whole_image,10,90,18060,0.10864938665698799,0.0836387040321036,0.13662133946777125,0.14689922480620154,111.25696563720703
fold_anchored_w0.3_q_tilt_qmean_s0.01,visual_genome_m/siglip/whole_image,10,90,18060,0.14539848109125159,0.1165392453371088,0.1770576556416765,0.10575858250276855,148.88803100585938
fold_anchored_w0.3_q_tilt_qmean_s0.005,visual_genome_m/siglip/whole_image,10,90,18060,0.17077907234844233,0.1387157515254674,0.20465444147444536,0.09036544850498339,174.8777618408203
fold_anchored_w0.3_mid_qmean,visual_genome_m/siglip/whole_image,10,90,18060,0.2064824924965958,0.17340310680532842,0.24252969958704645,0.07286821705426356,211.4380645751953
