head_arm,arm,env,n_cells,dead_step_rate,knob_yield,admitted_span,quantile_span,inert_rate
linear,fold_anchored_w0.3_cross_tilt_qmean,vg_scale/siglip+dinov3_patch/max_patch,144,0.3094907407407408,0.7052469135802469,0.5198982,0.51539123,0.1111111111111111
svm,fold_anchored_w0.3_cross_tilt_qmean,vg_scale/siglip+dinov3_patch/max_patch,144,0.22704248366013072,0.7837690631808278,0.6163894,0.6150556,0.07992919389978213
linear,fold_anchored_w0.3_mid_qmean,vg_scale/siglip+dinov3_patch/max_patch,144,1.0,0.047619047619047616,0.0,0.0,1.0
svm,fold_anchored_w0.3_mid_qmean,vg_scale/siglip+dinov3_patch/max_patch,144,1.0,0.047619047619047616,0.0,0.0,1.0
linear,fold_anchored_w0.3_mid_tilt_qmean,vg_scale/siglip+dinov3_patch/max_patch,144,0.2664624183006536,0.7462262682850918,0.6896937,0.6964487,0.06018518518518518
svm,fold_anchored_w0.3_mid_tilt_qmean,vg_scale/siglip+dinov3_patch/max_patch,144,0.22003676470588238,0.7904411764705883,0.7483615,0.7566045,0.034722222222222224
linear,fold_anchored_w0.3_q_tilt_qmean_s0.005,vg_scale/siglip+dinov3_patch/max_patch,144,0.16964188453159043,0.8384363004461044,0.09576681,0.099999994,0.0
svm,fold_anchored_w0.3_q_tilt_qmean_s0.005,vg_scale/siglip+dinov3_patch/max_patch,144,0.12077205882352941,0.8849789915966386,0.09912241,0.099999994,0.0
linear,fold_anchored_w0.3_q_tilt_qmean_s0.01,vg_scale/siglip+dinov3_patch/max_patch,144,0.2071214596949891,0.8027414669571532,0.17776363,0.2,0.0
svm,fold_anchored_w0.3_q_tilt_qmean_s0.01,vg_scale/siglip+dinov3_patch/max_patch,144,0.1633169934640523,0.8444600062247121,0.18617654,0.2,0.0
linear,fold_anchored_w0.3_q_tilt_qmean_s0.02,vg_scale/siglip+dinov3_patch/max_patch,144,0.26348039215686275,0.7490662931839402,0.31201082,0.4,0.0
svm,fold_anchored_w0.3_q_tilt_qmean_s0.02,vg_scale/siglip+dinov3_patch/max_patch,144,0.22876497821350764,0.7821285921776118,0.32528958,0.4,0.0
linear,fold_anchored_w0.3_q_tilt_qmean_s0.04,vg_scale/siglip+dinov3_patch/max_patch,144,0.36035539215686274,0.6568043884220355,0.50897276,0.8,0.0
svm,fold_anchored_w0.3_q_tilt_qmean_s0.04,vg_scale/siglip+dinov3_patch/max_patch,144,0.33903186274509806,0.6771125116713352,0.52480114,0.8,0.0
linear,fold_anchored_w0.3_q_tilt_qmean_s0.08,vg_scale/siglip+dinov3_patch/max_patch,144,0.41943082788671027,0.6005420686793236,0.8792079,1.6,0.0
svm,fold_anchored_w0.3_q_tilt_qmean_s0.08,vg_scale/siglip+dinov3_patch/max_patch,144,0.4087214052287582,0.6107415188297541,0.89425004,1.6,0.0
linear,fold_anchored_w0.3_rate_qmean,vg_scale/siglip+dinov3_patch/max_patch,144,0.18732979302832245,0.8215906733063596,0.69053054,0.6964487,0.06018518518518518
svm,fold_anchored_w0.3_rate_qmean,vg_scale/siglip+dinov3_patch/max_patch,144,0.13900462962962962,0.8676146384479718,0.7488811,0.7566045,0.034722222222222224
linear,fold_anchored_w0.3_cross_tilt_qmean,vg_scale/siglip+dinov3_patch/whole_image,144,0.24132625272331154,0.7701654735968462,0.79729545,0.7951207,0.0
svm,fold_anchored_w0.3_cross_tilt_qmean,vg_scale/siglip+dinov3_patch/whole_image,144,0.17435321350762525,0.8339493204689283,0.72127813,0.7200179,0.0
linear,fold_anchored_w0.3_mid_qmean,vg_scale/siglip+dinov3_patch/whole_image,144,1.0,0.047619047619047616,0.0,0.0,1.0
svm,fold_anchored_w0.3_mid_qmean,vg_scale/siglip+dinov3_patch/whole_image,144,1.0,0.047619047619047616,0.0,0.0,1.0
linear,fold_anchored_w0.3_mid_tilt_qmean,vg_scale/siglip+dinov3_patch/whole_image,144,0.2331903594771242,0.7779139433551198,0.907479,0.9525434,0.0
svm,fold_anchored_w0.3_mid_tilt_qmean,vg_scale/siglip+dinov3_patch/whole_image,144,0.15597766884531591,0.8514498391949372,0.9056849,0.9286318,0.0
linear,fold_anchored_w0.3_q_tilt_qmean_s0.005,vg_scale/siglip+dinov3_patch/whole_image,144,0.043818082788671026,0.9582684925822181,0.10035866,0.1,0.0
svm,fold_anchored_w0.3_q_tilt_qmean_s0.005,vg_scale/siglip+dinov3_patch/whole_image,144,0.08026960784313725,0.9235527544351074,0.099240676,0.1,0.0
linear,fold_anchored_w0.3_q_tilt_qmean_s0.01,vg_scale/siglip+dinov3_patch/whole_image,144,0.06132216775599128,0.9415979354704844,0.1971026,0.2,0.0
svm,fold_anchored_w0.3_q_tilt_qmean_s0.01,vg_scale/siglip+dinov3_patch/whole_image,144,0.10646105664488018,0.8986085174810664,0.19519287,0.2,0.0
linear,fold_anchored_w0.3_q_tilt_qmean_s0.02,vg_scale/siglip+dinov3_patch/whole_image,144,0.11261574074074075,0.8927469135802468,0.36808366,0.4,0.0
svm,fold_anchored_w0.3_q_tilt_qmean_s0.02,vg_scale/siglip+dinov3_patch/whole_image,144,0.19929874727668845,0.8101916692602967,0.33624,0.4,0.0
linear,fold_anchored_w0.3_q_tilt_qmean_s0.04,vg_scale/siglip+dinov3_patch/whole_image,144,0.25110974945533765,0.7608478576615831,0.59411234,0.8,0.0
svm,fold_anchored_w0.3_q_tilt_qmean_s0.04,vg_scale/siglip+dinov3_patch/whole_image,144,0.3330133442265795,0.6828444340699242,0.52872175,0.8,0.0
linear,fold_anchored_w0.3_q_tilt_qmean_s0.08,vg_scale/siglip+dinov3_patch/whole_image,144,0.37149373638344224,0.6461964415395788,0.9430222,1.6,0.0
svm,fold_anchored_w0.3_q_tilt_qmean_s0.08,vg_scale/siglip+dinov3_patch/whole_image,144,0.40328839869281047,0.6159158107687519,0.9037729,1.6,0.0
linear,fold_anchored_w0.3_rate_qmean,vg_scale/siglip+dinov3_patch/whole_image,144,0.11266339869281045,0.8927015250544661,0.9448054,0.9525434,0.0
svm,fold_anchored_w0.3_rate_qmean,vg_scale/siglip+dinov3_patch/whole_image,144,0.05499046840958606,0.9476281253242037,0.9179321,0.9286318,0.0
linear,fold_anchored_w0.3_cross_tilt_qmean,vg_scale/siglip/whole_image,144,0.14244281045751633,0.8643401805166511,0.7496116,0.74471617,0.013888888888888888
svm,fold_anchored_w0.3_cross_tilt_qmean,vg_scale/siglip/whole_image,144,0.13600217864923747,0.8704741155721547,0.7522614,0.74832636,0.027913943355119826
linear,fold_anchored_w0.3_mid_qmean,vg_scale/siglip/whole_image,144,1.0,0.047619047619047616,0.0,0.0,1.0
svm,fold_anchored_w0.3_mid_qmean,vg_scale/siglip/whole_image,144,1.0,0.047619047619047616,0.0,0.0,1.0
linear,fold_anchored_w0.3_mid_tilt_qmean,vg_scale/siglip/whole_image,144,0.14018927015250546,0.8664864093785662,0.87302274,0.8836416,0.0032679738562091504
svm,fold_anchored_w0.3_mid_tilt_qmean,vg_scale/siglip/whole_image,144,0.13487881263616558,0.8715439879655565,0.86048436,0.8677392,0.008033769063180827
linear,fold_anchored_w0.3_q_tilt_qmean_s0.005,vg_scale/siglip/whole_image,144,0.06341911764705882,0.9396008403361343,0.10189005,0.1,0.0
svm,fold_anchored_w0.3_q_tilt_qmean_s0.005,vg_scale/siglip/whole_image,144,0.06431781045751633,0.938744942421413,0.104058005,0.099999994,0.0
linear,fold_anchored_w0.3_q_tilt_qmean_s0.01,vg_scale/siglip/whole_image,144,0.08799700435729847,0.9161933291835253,0.20008865,0.2,0.0
svm,fold_anchored_w0.3_q_tilt_qmean_s0.01,vg_scale/siglip/whole_image,144,0.08975354030501088,0.9145204378047516,0.20455474,0.2,0.0
linear,fold_anchored_w0.3_q_tilt_qmean_s0.02,vg_scale/siglip/whole_image,144,0.14691584967320262,0.8600801431683784,0.3636188,0.4,0.0
svm,fold_anchored_w0.3_q_tilt_qmean_s0.02,vg_scale/siglip/whole_image,144,0.15947031590413943,0.8481235086627243,0.3595743,0.4,0.0
linear,fold_anchored_w0.3_q_tilt_qmean_s0.04,vg_scale/siglip/whole_image,144,0.29285811546840956,0.7210875090777051,0.5664703,0.8,0.0
svm,fold_anchored_w0.3_q_tilt_qmean_s0.04,vg_scale/siglip/whole_image,144,0.3030433006535948,0.7113873327108622,0.5591334,0.8,0.0
linear,fold_anchored_w0.3_q_tilt_qmean_s0.08,vg_scale/siglip/whole_image,144,0.38517156862745094,0.6331699346405228,0.9309049,1.6,0.0
svm,fold_anchored_w0.3_q_tilt_qmean_s0.08,vg_scale/siglip/whole_image,144,0.39071350762527235,0.6278918974997407,0.92637473,1.6,0.0
linear,fold_anchored_w0.3_rate_qmean,vg_scale/siglip/whole_image,144,0.06040985838779957,0.942466801535429,0.8796327,0.8836416,0.0032679738562091504
svm,fold_anchored_w0.3_rate_qmean,vg_scale/siglip/whole_image,144,0.0690291394335512,0.9342579624442369,0.86349565,0.86773914,0.008033769063180827
