dataset,embedder,category,seed,supports_text,n_test,n_test_pos,prevalence,text_gmm_cut,text_cost,text_fpr,text_fnr,text_oracle_cost,text_AP,text_auroc
visual_genome_m,siglip,ball,0.0,1,2097.0,24.0,0.011445,0.010693,0.606609,0.439942,0.166667,0.466655,0.196694,0.811405
visual_genome_m,siglip,ball,1.0,1,2097.0,32.0,0.01526,0.010693,0.541208,0.447458,0.09375,0.365738,0.257563,0.878375
visual_genome_m,siglip,ball,2.0,1,2097.0,19.0,0.009061,0.010693,0.559065,0.453802,0.105263,0.391951,0.17048,0.869561
visual_genome_m,siglip,bed,0.0,1,2097.0,44.0,0.020982,0.001919,0.379932,0.379932,0.0,0.090267,0.72285,0.984336
visual_genome_m,siglip,bed,1.0,1,2097.0,40.0,0.019075,0.001919,0.394956,0.369956,0.025,0.098614,0.736071,0.9737
visual_genome_m,siglip,bed,2.0,1,2097.0,34.0,0.016214,0.001919,0.35967,0.35967,0.0,0.106812,0.669482,0.980568
visual_genome_m,siglip,bus,0.0,1,2097.0,67.0,0.03195,0.00415,0.443791,0.399015,0.044776,0.255753,0.700583,0.942769
visual_genome_m,siglip,bus,1.0,1,2097.0,59.0,0.028135,0.00415,0.452712,0.401865,0.050847,0.276767,0.615884,0.928918
visual_genome_m,siglip,bus,2.0,1,2097.0,70.0,0.033381,0.00415,0.43607,0.407499,0.028571,0.277948,0.670695,0.939805
visual_genome_m,siglip,cat,0.0,1,2097.0,13.0,0.006199,-0.003815,0.485752,0.408829,0.076923,0.083161,0.683506,0.929869
visual_genome_m,siglip,cat,1.0,1,2097.0,15.0,0.007153,-0.003815,0.484054,0.417387,0.066667,0.080596,0.635075,0.938649
visual_genome_m,siglip,cat,2.0,1,2097.0,17.0,0.008107,-0.003815,0.466035,0.407212,0.058824,0.0694,0.760098,0.945871
visual_genome_m,siglip,laptop,0.0,1,2097.0,31.0,0.014783,-0.011189,0.359117,0.262343,0.096774,0.155341,0.479735,0.937857
visual_genome_m,siglip,laptop,1.0,1,2097.0,31.0,0.014783,-0.011189,0.252178,0.252178,0.0,0.061784,0.563149,0.989898
visual_genome_m,siglip,laptop,2.0,1,2097.0,28.0,0.013352,-0.011189,0.294777,0.259062,0.035714,0.129859,0.518086,0.964493
visual_genome_m,siglip,nose,0.0,1,2097.0,77.0,0.036719,-0.022307,0.71507,0.468317,0.246753,0.57438,0.226574,0.760364
visual_genome_m,siglip,nose,1.0,1,2097.0,72.0,0.034335,-0.022307,0.701235,0.479012,0.222222,0.609136,0.294819,0.754321
visual_genome_m,siglip,nose,2.0,1,2097.0,84.0,0.040057,-0.022307,0.743258,0.469449,0.27381,0.665425,0.248025,0.715983
visual_genome_m,siglip,sink,0.0,1,2097.0,31.0,0.014783,-0.001967,0.480951,0.448693,0.032258,0.164366,0.411982,0.957702
visual_genome_m,siglip,sink,1.0,1,2097.0,27.0,0.012876,-0.001967,0.491143,0.454106,0.037037,0.114171,0.307815,0.958472
visual_genome_m,siglip,sink,2.0,1,2097.0,30.0,0.014306,-0.001967,0.427189,0.427189,0.0,0.11703,0.466485,0.979971
visual_genome_m,siglip,sky,0.0,1,2097.0,394.0,0.187887,-0.035487,0.568361,0.395772,0.172589,0.558088,0.452254,0.800247
visual_genome_m,siglip,sky,1.0,1,2097.0,385.0,0.183596,-0.035487,0.577399,0.382593,0.194805,0.571533,0.432688,0.788312
visual_genome_m,siglip,sky,2.0,1,2097.0,403.0,0.192179,-0.035487,0.576065,0.394923,0.181141,0.574445,0.439336,0.78427
visual_genome_m,siglip2_l,ball,0.0,1,2097.0,24.0,0.011445,0.025504,0.567716,0.359383,0.208333,0.343102,0.320842,0.828409
visual_genome_m,siglip2_l,ball,1.0,1,2097.0,32.0,0.01526,0.025504,0.447745,0.353995,0.09375,0.229373,0.444802,0.902724
visual_genome_m,siglip2_l,ball,2.0,1,2097.0,19.0,0.009061,0.025504,0.453194,0.347931,0.105263,0.236336,0.410187,0.8996
visual_genome_m,siglip2_l,bed,0.0,1,2097.0,44.0,0.020982,0.020267,0.248738,0.226011,0.022727,0.075654,0.731211,0.972313
visual_genome_m,siglip2_l,bed,1.0,1,2097.0,40.0,0.019075,0.020267,0.267307,0.217307,0.05,0.078196,0.740461,0.965435
visual_genome_m,siglip2_l,bed,2.0,1,2097.0,34.0,0.016214,0.020267,0.274529,0.215705,0.058824,0.084514,0.717083,0.961107
visual_genome_m,siglip2_l,bus,0.0,1,2097.0,67.0,0.03195,0.031081,0.364039,0.364039,0.0,0.148813,0.737664,0.973502
visual_genome_m,siglip2_l,bus,1.0,1,2097.0,59.0,0.028135,0.031081,0.383485,0.366536,0.016949,0.174764,0.673672,0.957452
visual_genome_m,siglip2_l,bus,2.0,1,2097.0,70.0,0.033381,0.031081,0.370992,0.370992,0.0,0.157721,0.761984,0.972873
visual_genome_m,siglip2_l,cat,0.0,1,2097.0,13.0,0.006199,0.022669,0.175144,0.175144,0.0,0.094677,0.721435,0.989702
visual_genome_m,siglip2_l,cat,1.0,1,2097.0,15.0,0.007153,0.022669,0.169549,0.169549,0.0,0.07243,0.748104,0.991931
visual_genome_m,siglip2_l,cat,2.0,1,2097.0,17.0,0.008107,0.022669,0.163462,0.163462,0.0,0.063631,0.807323,0.992647
visual_genome_m,siglip2_l,laptop,0.0,1,2097.0,31.0,0.014783,0.018717,0.23925,0.174734,0.064516,0.105174,0.54325,0.973691
visual_genome_m,siglip2_l,laptop,1.0,1,2097.0,31.0,0.014783,0.018717,0.166021,0.166021,0.0,0.044046,0.616454,0.991662
visual_genome_m,siglip2_l,laptop,2.0,1,2097.0,28.0,0.013352,0.018717,0.162881,0.162881,0.0,0.02465,0.647876,0.994545
visual_genome_m,siglip2_l,nose,0.0,1,2097.0,77.0,0.036719,0.009778,0.708487,0.422772,0.285714,0.550849,0.269275,0.755941
visual_genome_m,siglip2_l,nose,1.0,1,2097.0,72.0,0.034335,0.009778,0.668765,0.418765,0.25,0.48858,0.33814,0.773045
visual_genome_m,siglip2_l,nose,2.0,1,2097.0,84.0,0.040057,0.009778,0.721861,0.424242,0.297619,0.585995,0.273186,0.738397
visual_genome_m,siglip2_l,sink,0.0,1,2097.0,31.0,0.014783,0.01715,0.381726,0.349468,0.032258,0.161462,0.477658,0.954939
visual_genome_m,siglip2_l,sink,1.0,1,2097.0,27.0,0.012876,0.01715,0.394042,0.357005,0.037037,0.107407,0.321757,0.960565
visual_genome_m,siglip2_l,sink,2.0,1,2097.0,30.0,0.014306,0.01715,0.338171,0.338171,0.0,0.097629,0.468468,0.977762
visual_genome_m,siglip2_l,sky,0.0,1,2097.0,394.0,0.187887,0.02427,0.586899,0.315326,0.271574,0.58326,0.427655,0.768432
visual_genome_m,siglip2_l,sky,1.0,1,2097.0,385.0,0.183596,0.02427,0.592759,0.314836,0.277922,0.589453,0.422174,0.767868
visual_genome_m,siglip2_l,sky,2.0,1,2097.0,403.0,0.192179,0.02427,0.60082,0.322904,0.277916,0.595668,0.427419,0.754997
visual_genome_m,dinov3_patch,ball,,0,,,,,,,,,,
visual_genome_m,dinov3_patch,bed,,0,,,,,,,,,,
visual_genome_m,dinov3_patch,bus,,0,,,,,,,,,,
visual_genome_m,dinov3_patch,cat,,0,,,,,,,,,,
visual_genome_m,dinov3_patch,laptop,,0,,,,,,,,,,
visual_genome_m,dinov3_patch,nose,,0,,,,,,,,,,
visual_genome_m,dinov3_patch,sink,,0,,,,,,,,,,
visual_genome_m,dinov3_patch,sky,,0,,,,,,,,,,
caltech101_m,siglip,airplanes,0.0,1,419.0,117.0,0.279236,0.019895,0.043046,0.043046,0.0,0.003311,0.999928,0.999972
caltech101_m,siglip,airplanes,1.0,1,419.0,112.0,0.267303,0.019895,0.022801,0.022801,0.0,0.0,1.0,1.0
caltech101_m,siglip,airplanes,2.0,1,419.0,111.0,0.264916,0.019895,0.032468,0.032468,0.0,0.003247,0.99992,0.999971
caltech101_m,siglip,car_side,0.0,1,419.0,22.0,0.052506,0.042901,0.0,0.0,0.0,0.0,1.0,1.0
caltech101_m,siglip,car_side,1.0,1,419.0,23.0,0.054893,0.042901,0.0,0.0,0.0,0.0,1.0,1.0
caltech101_m,siglip,car_side,2.0,1,419.0,15.0,0.0358,0.042901,0.0,0.0,0.0,0.0,1.0,1.0
caltech101_m,siglip,grand_piano,0.0,1,419.0,12.0,0.02864,0.01406,0.095823,0.095823,0.0,0.0,1.0,1.0
caltech101_m,siglip,grand_piano,1.0,1,419.0,16.0,0.038186,0.01406,0.1067,0.1067,0.0,0.0,1.0,1.0
caltech101_m,siglip,grand_piano,2.0,1,419.0,14.0,0.033413,0.01406,0.103704,0.103704,0.0,0.0,1.0,1.0
caltech101_m,siglip,starfish,0.0,1,419.0,12.0,0.02864,-0.008207,0.19656,0.19656,0.0,0.0,1.0,1.0
caltech101_m,siglip,starfish,1.0,1,419.0,10.0,0.023866,-0.008207,0.215159,0.215159,0.0,0.0,1.0,1.0
caltech101_m,siglip,starfish,2.0,1,419.0,9.0,0.02148,-0.008207,0.236585,0.236585,0.0,0.0,1.0,1.0
caltech101_m,siglip,ibis,0.0,1,419.0,15.0,0.0358,0.002519,0.467822,0.467822,0.0,0.0,1.0,1.0
caltech101_m,siglip,ibis,1.0,1,419.0,12.0,0.02864,0.002519,0.476658,0.476658,0.0,0.0,1.0,1.0
caltech101_m,siglip,ibis,2.0,1,419.0,12.0,0.02864,0.002519,0.459459,0.459459,0.0,0.0,1.0,1.0
caltech101_m,siglip,cougar_face,0.0,1,419.0,11.0,0.026253,0.023094,0.147059,0.147059,0.0,0.0,1.0,1.0
caltech101_m,siglip,cougar_face,1.0,1,419.0,9.0,0.02148,0.023094,0.129268,0.129268,0.0,0.0,1.0,1.0
caltech101_m,siglip,cougar_face,2.0,1,419.0,10.0,0.023866,0.023094,0.168704,0.168704,0.0,0.0,1.0,1.0
caltech101_m,siglip2_l,airplanes,0.0,1,419.0,117.0,0.279236,0.051356,0.056291,0.056291,0.0,0.006623,0.999489,0.999802
caltech101_m,siglip2_l,airplanes,1.0,1,419.0,112.0,0.267303,0.051356,0.035831,0.035831,0.0,0.006515,0.999683,0.999884
caltech101_m,siglip2_l,airplanes,2.0,1,419.0,111.0,0.264916,0.051356,0.038961,0.038961,0.0,0.003247,0.999757,0.999912
caltech101_m,siglip2_l,car_side,0.0,1,419.0,22.0,0.052506,0.079681,0.0,0.0,0.0,0.0,1.0,1.0
caltech101_m,siglip2_l,car_side,1.0,1,419.0,23.0,0.054893,0.079681,0.002525,0.002525,0.0,0.0,1.0,1.0
caltech101_m,siglip2_l,car_side,2.0,1,419.0,15.0,0.0358,0.079681,0.0,0.0,0.0,0.0,1.0,1.0
caltech101_m,siglip2_l,grand_piano,0.0,1,419.0,12.0,0.02864,0.07657,0.0,0.0,0.0,0.0,1.0,1.0
caltech101_m,siglip2_l,grand_piano,1.0,1,419.0,16.0,0.038186,0.07657,0.002481,0.002481,0.0,0.0,1.0,1.0
caltech101_m,siglip2_l,grand_piano,2.0,1,419.0,14.0,0.033413,0.07657,0.002469,0.002469,0.0,0.0,1.0,1.0
caltech101_m,siglip2_l,starfish,0.0,1,419.0,12.0,0.02864,0.018282,0.179361,0.179361,0.0,0.0,1.0,1.0
caltech101_m,siglip2_l,starfish,1.0,1,419.0,10.0,0.023866,0.018282,0.205379,0.205379,0.0,0.0,1.0,1.0
caltech101_m,siglip2_l,starfish,2.0,1,419.0,9.0,0.02148,0.018282,0.219512,0.219512,0.0,0.0,1.0,1.0
caltech101_m,siglip2_l,ibis,0.0,1,419.0,15.0,0.0358,0.073591,0.022277,0.022277,0.0,0.0,1.0,1.0
caltech101_m,siglip2_l,ibis,1.0,1,419.0,12.0,0.02864,0.073591,0.019656,0.019656,0.0,0.0,1.0,1.0
caltech101_m,siglip2_l,ibis,2.0,1,419.0,12.0,0.02864,0.073591,0.014742,0.014742,0.0,0.0,1.0,1.0
caltech101_m,siglip2_l,cougar_face,0.0,1,419.0,11.0,0.026253,0.093564,0.0,0.0,0.0,0.0,1.0,1.0
caltech101_m,siglip2_l,cougar_face,1.0,1,419.0,9.0,0.02148,0.093564,0.0,0.0,0.0,0.0,1.0,1.0
caltech101_m,siglip2_l,cougar_face,2.0,1,419.0,10.0,0.023866,0.093564,0.0,0.0,0.0,0.0,1.0,1.0
caltech101_m,dinov3_patch,airplanes,,0,,,,,,,,,,
caltech101_m,dinov3_patch,car_side,,0,,,,,,,,,,
caltech101_m,dinov3_patch,grand_piano,,0,,,,,,,,,,
caltech101_m,dinov3_patch,starfish,,0,,,,,,,,,,
caltech101_m,dinov3_patch,ibis,,0,,,,,,,,,,
caltech101_m,dinov3_patch,cougar_face,,0,,,,,,,,,,
coco_val,siglip,bear,0.0,1,2476.0,24.0,0.009693,0.009099,0.255302,0.255302,0.0,0.013458,0.791159,0.997417
coco_val,siglip,bear,1.0,1,2476.0,20.0,0.008078,0.009099,0.285831,0.285831,0.0,0.003257,0.832081,0.998941
coco_val,siglip,bear,2.0,1,2476.0,24.0,0.009693,0.009099,0.276509,0.276509,0.0,0.005302,0.861179,0.998641
coco_val,siglip,bed,0.0,1,2476.0,68.0,0.027464,-0.000612,0.29104,0.261628,0.029412,0.089554,0.851561,0.977898
coco_val,siglip,bed,1.0,1,2476.0,87.0,0.035137,-0.000612,0.286697,0.263709,0.022989,0.144503,0.834496,0.976415
coco_val,siglip,bed,2.0,1,2476.0,69.0,0.027868,-0.000612,0.303968,0.26049,0.043478,0.137178,0.830326,0.965698
coco_val,siglip,cat,0.0,1,2476.0,92.0,0.037157,0.027565,0.07574,0.021393,0.054348,0.07036,0.948192,0.99431
coco_val,siglip,cat,1.0,1,2476.0,95.0,0.038368,0.027565,0.084157,0.021,0.063158,0.066938,0.953278,0.989018
coco_val,siglip,cat,2.0,1,2476.0,93.0,0.037561,0.027565,0.075585,0.021821,0.053763,0.06221,0.956646,0.993196
coco_val,siglip,clock,0.0,1,2476.0,112.0,0.045234,-0.005373,0.403085,0.162014,0.241071,0.381375,0.624561,0.870388
coco_val,siglip,clock,1.0,1,2476.0,113.0,0.045638,-0.005373,0.448193,0.156157,0.292035,0.405301,0.583147,0.847236
coco_val,siglip,clock,2.0,1,2476.0,102.0,0.041195,-0.005373,0.420024,0.165122,0.254902,0.342633,0.630866,0.869943
coco_val,siglip,microwave,0.0,1,2476.0,31.0,0.01252,-0.015241,0.399591,0.399591,0.0,0.127911,0.431236,0.971001
coco_val,siglip,microwave,1.0,1,2476.0,28.0,0.011309,-0.015241,0.401552,0.401552,0.0,0.093312,0.417635,0.978072
coco_val,siglip,microwave,2.0,1,2476.0,27.0,0.010905,-0.015241,0.38873,0.38873,0.0,0.101145,0.469257,0.974638
coco_val,siglip,refrigerator,0.0,1,2476.0,52.0,0.021002,-0.028957,0.412478,0.354785,0.057692,0.164223,0.703722,0.946449
coco_val,siglip,refrigerator,1.0,1,2476.0,56.0,0.022617,-0.028957,0.380756,0.345041,0.035714,0.141027,0.749008,0.968625
coco_val,siglip,refrigerator,2.0,1,2476.0,58.0,0.023425,-0.028957,0.402427,0.350703,0.051724,0.167551,0.738448,0.952982
coco_val,siglip,sports ball,0.0,1,2476.0,79.0,0.031906,-0.008461,0.279812,0.216521,0.063291,0.1694,0.484609,0.95402
coco_val,siglip,sports ball,1.0,1,2476.0,83.0,0.033522,-0.008461,0.274128,0.201839,0.072289,0.191246,0.447202,0.937423
coco_val,siglip,sports ball,2.0,1,2476.0,81.0,0.032714,-0.008461,0.285765,0.211691,0.074074,0.199392,0.442865,0.940431
coco_val,siglip2_l,bear,0.0,1,2476.0,24.0,0.009693,0.029589,0.207586,0.207586,0.0,0.021615,0.789374,0.996907
coco_val,siglip2_l,bear,1.0,1,2476.0,20.0,0.008078,0.029589,0.219055,0.219055,0.0,0.012622,0.710733,0.996804
coco_val,siglip2_l,bear,2.0,1,2476.0,24.0,0.009693,0.029589,0.216966,0.216966,0.0,0.012235,0.759142,0.997162
coco_val,siglip2_l,bed,0.0,1,2476.0,68.0,0.027464,0.011859,0.310631,0.310631,0.0,0.095442,0.873882,0.989392
coco_val,siglip2_l,bed,1.0,1,2476.0,87.0,0.035137,0.011859,0.314969,0.303474,0.011494,0.123155,0.877564,0.986119
coco_val,siglip2_l,bed,2.0,1,2476.0,69.0,0.027868,0.011859,0.326084,0.311591,0.014493,0.138057,0.87856,0.984134
coco_val,siglip2_l,cat,0.0,1,2476.0,92.0,0.037157,0.058644,0.013806,0.002936,0.01087,0.012967,0.992,0.999571
coco_val,siglip2_l,cat,1.0,1,2476.0,95.0,0.038368,0.058644,0.023993,0.00294,0.021053,0.021893,0.988757,0.998939
coco_val,siglip2_l,cat,2.0,1,2476.0,93.0,0.037561,0.058644,0.012851,0.002098,0.010753,0.012431,0.991205,0.999134
coco_val,siglip2_l,clock,0.0,1,2476.0,112.0,0.045234,0.043996,0.406862,0.005076,0.401786,0.313754,0.69826,0.915768
coco_val,siglip2_l,clock,1.0,1,2476.0,113.0,0.045638,0.043996,0.470334,0.010157,0.460177,0.308604,0.664416,0.917628
coco_val,siglip2_l,clock,2.0,1,2476.0,102.0,0.041195,0.043996,0.399318,0.007161,0.392157,0.276261,0.726535,0.932793
coco_val,siglip2_l,microwave,0.0,1,2476.0,31.0,0.01252,0.004441,0.358282,0.358282,0.0,0.069121,0.524199,0.983429
coco_val,siglip2_l,microwave,1.0,1,2476.0,28.0,0.011309,0.004441,0.364788,0.364788,0.0,0.064951,0.513854,0.986811
coco_val,siglip2_l,microwave,2.0,1,2476.0,27.0,0.010905,0.004441,0.353614,0.353614,0.0,0.071049,0.564037,0.982971
coco_val,siglip2_l,refrigerator,0.0,1,2476.0,52.0,0.021002,-0.005841,0.423204,0.365512,0.057692,0.130395,0.739015,0.963093
coco_val,siglip2_l,refrigerator,1.0,1,2476.0,56.0,0.022617,-0.005841,0.397285,0.36157,0.035714,0.126889,0.739821,0.966986
coco_val,siglip2_l,refrigerator,2.0,1,2476.0,58.0,0.023425,-0.005841,0.410285,0.358561,0.051724,0.135706,0.777739,0.962337
coco_val,siglip2_l,sports ball,0.0,1,2476.0,79.0,0.031906,0.01489,0.23155,0.193575,0.037975,0.156884,0.541861,0.966387
coco_val,siglip2_l,sports ball,1.0,1,2476.0,83.0,0.033522,0.01489,0.209567,0.173422,0.036145,0.148274,0.495061,0.957018
coco_val,siglip2_l,sports ball,2.0,1,2476.0,81.0,0.032714,0.01489,0.220753,0.183716,0.037037,0.17434,0.511355,0.962427
coco_val,dinov3_patch,bear,,0,,,,,,,,,,
coco_val,dinov3_patch,bed,,0,,,,,,,,,,
coco_val,dinov3_patch,cat,,0,,,,,,,,,,
coco_val,dinov3_patch,clock,,0,,,,,,,,,,
coco_val,dinov3_patch,microwave,,0,,,,,,,,,,
coco_val,dinov3_patch,refrigerator,,0,,,,,,,,,,
coco_val,dinov3_patch,sports ball,,0,,,,,,,,,,
